--
-- PostgreSQL database dump
--

-- Dumped from database version 14.0
-- Dumped by pg_dump version 14.0

SET statement_timeout = 0;
SET lock_timeout = 0;
SET idle_in_transaction_session_timeout = 0;
SET client_encoding = 'UTF8';
SET standard_conforming_strings = on;
SELECT pg_catalog.set_config('search_path', '', false);
SET check_function_bodies = false;
SET xmloption = content;
SET client_min_messages = warning;
SET row_security = off;

SET default_tablespace = '';

SET default_table_access_method = heap;

--
-- Name: auth_group; Type: TABLE; Schema: public; Owner: shop
--

CREATE TABLE public.auth_group (
    id integer NOT NULL,
    name character varying(150) NOT NULL
);


ALTER TABLE public.auth_group OWNER TO shop;

--
-- Name: auth_group_id_seq; Type: SEQUENCE; Schema: public; Owner: shop
--

ALTER TABLE public.auth_group ALTER COLUMN id ADD GENERATED BY DEFAULT AS IDENTITY (
    SEQUENCE NAME public.auth_group_id_seq
    START WITH 1
    INCREMENT BY 1
    NO MINVALUE
    NO MAXVALUE
    CACHE 1
);


--
-- Name: auth_group_permissions; Type: TABLE; Schema: public; Owner: shop
--

CREATE TABLE public.auth_group_permissions (
    id bigint NOT NULL,
    group_id integer NOT NULL,
    permission_id integer NOT NULL
);


ALTER TABLE public.auth_group_permissions OWNER TO shop;

--
-- Name: auth_group_permissions_id_seq; Type: SEQUENCE; Schema: public; Owner: shop
--

ALTER TABLE public.auth_group_permissions ALTER COLUMN id ADD GENERATED BY DEFAULT AS IDENTITY (
    SEQUENCE NAME public.auth_group_permissions_id_seq
    START WITH 1
    INCREMENT BY 1
    NO MINVALUE
    NO MAXVALUE
    CACHE 1
);


--
-- Name: auth_permission; Type: TABLE; Schema: public; Owner: shop
--

CREATE TABLE public.auth_permission (
    id integer NOT NULL,
    name character varying(255) NOT NULL,
    content_type_id integer NOT NULL,
    codename character varying(100) NOT NULL
);


ALTER TABLE public.auth_permission OWNER TO shop;

--
-- Name: auth_permission_id_seq; Type: SEQUENCE; Schema: public; Owner: shop
--

ALTER TABLE public.auth_permission ALTER COLUMN id ADD GENERATED BY DEFAULT AS IDENTITY (
    SEQUENCE NAME public.auth_permission_id_seq
    START WITH 1
    INCREMENT BY 1
    NO MINVALUE
    NO MAXVALUE
    CACHE 1
);


--
-- Name: auth_user; Type: TABLE; Schema: public; Owner: shop
--

CREATE TABLE public.auth_user (
    id integer NOT NULL,
    password character varying(128) NOT NULL,
    last_login timestamp with time zone,
    is_superuser boolean NOT NULL,
    username character varying(150) NOT NULL,
    first_name character varying(150) NOT NULL,
    last_name character varying(150) NOT NULL,
    email character varying(254) NOT NULL,
    is_staff boolean NOT NULL,
    is_active boolean NOT NULL,
    date_joined timestamp with time zone NOT NULL
);


ALTER TABLE public.auth_user OWNER TO shop;

--
-- Name: auth_user_groups; Type: TABLE; Schema: public; Owner: shop
--

CREATE TABLE public.auth_user_groups (
    id bigint NOT NULL,
    user_id integer NOT NULL,
    group_id integer NOT NULL
);


ALTER TABLE public.auth_user_groups OWNER TO shop;

--
-- Name: auth_user_groups_id_seq; Type: SEQUENCE; Schema: public; Owner: shop
--

ALTER TABLE public.auth_user_groups ALTER COLUMN id ADD GENERATED BY DEFAULT AS IDENTITY (
    SEQUENCE NAME public.auth_user_groups_id_seq
    START WITH 1
    INCREMENT BY 1
    NO MINVALUE
    NO MAXVALUE
    CACHE 1
);


--
-- Name: auth_user_id_seq; Type: SEQUENCE; Schema: public; Owner: shop
--

ALTER TABLE public.auth_user ALTER COLUMN id ADD GENERATED BY DEFAULT AS IDENTITY (
    SEQUENCE NAME public.auth_user_id_seq
    START WITH 1
    INCREMENT BY 1
    NO MINVALUE
    NO MAXVALUE
    CACHE 1
);


--
-- Name: auth_user_user_permissions; Type: TABLE; Schema: public; Owner: shop
--

CREATE TABLE public.auth_user_user_permissions (
    id bigint NOT NULL,
    user_id integer NOT NULL,
    permission_id integer NOT NULL
);


ALTER TABLE public.auth_user_user_permissions OWNER TO shop;

--
-- Name: auth_user_user_permissions_id_seq; Type: SEQUENCE; Schema: public; Owner: shop
--

ALTER TABLE public.auth_user_user_permissions ALTER COLUMN id ADD GENERATED BY DEFAULT AS IDENTITY (
    SEQUENCE NAME public.auth_user_user_permissions_id_seq
    START WITH 1
    INCREMENT BY 1
    NO MINVALUE
    NO MAXVALUE
    CACHE 1
);


--
-- Name: django_admin_log; Type: TABLE; Schema: public; Owner: shop
--

CREATE TABLE public.django_admin_log (
    id integer NOT NULL,
    action_time timestamp with time zone NOT NULL,
    object_id text,
    object_repr character varying(200) NOT NULL,
    action_flag smallint NOT NULL,
    change_message text NOT NULL,
    content_type_id integer,
    user_id integer NOT NULL,
    CONSTRAINT django_admin_log_action_flag_check CHECK ((action_flag >= 0))
);


ALTER TABLE public.django_admin_log OWNER TO shop;

--
-- Name: django_admin_log_id_seq; Type: SEQUENCE; Schema: public; Owner: shop
--

ALTER TABLE public.django_admin_log ALTER COLUMN id ADD GENERATED BY DEFAULT AS IDENTITY (
    SEQUENCE NAME public.django_admin_log_id_seq
    START WITH 1
    INCREMENT BY 1
    NO MINVALUE
    NO MAXVALUE
    CACHE 1
);


--
-- Name: django_content_type; Type: TABLE; Schema: public; Owner: shop
--

CREATE TABLE public.django_content_type (
    id integer NOT NULL,
    app_label character varying(100) NOT NULL,
    model character varying(100) NOT NULL
);


ALTER TABLE public.django_content_type OWNER TO shop;

--
-- Name: django_content_type_id_seq; Type: SEQUENCE; Schema: public; Owner: shop
--

ALTER TABLE public.django_content_type ALTER COLUMN id ADD GENERATED BY DEFAULT AS IDENTITY (
    SEQUENCE NAME public.django_content_type_id_seq
    START WITH 1
    INCREMENT BY 1
    NO MINVALUE
    NO MAXVALUE
    CACHE 1
);


--
-- Name: django_migrations; Type: TABLE; Schema: public; Owner: shop
--

CREATE TABLE public.django_migrations (
    id bigint NOT NULL,
    app character varying(255) NOT NULL,
    name character varying(255) NOT NULL,
    applied timestamp with time zone NOT NULL
);


ALTER TABLE public.django_migrations OWNER TO shop;

--
-- Name: django_migrations_id_seq; Type: SEQUENCE; Schema: public; Owner: shop
--

ALTER TABLE public.django_migrations ALTER COLUMN id ADD GENERATED BY DEFAULT AS IDENTITY (
    SEQUENCE NAME public.django_migrations_id_seq
    START WITH 1
    INCREMENT BY 1
    NO MINVALUE
    NO MAXVALUE
    CACHE 1
);


--
-- Name: django_session; Type: TABLE; Schema: public; Owner: shop
--

CREATE TABLE public.django_session (
    session_key character varying(40) NOT NULL,
    session_data text NOT NULL,
    expire_date timestamp with time zone NOT NULL
);


ALTER TABLE public.django_session OWNER TO shop;

--
-- Name: orders_order; Type: TABLE; Schema: public; Owner: shop
--

CREATE TABLE public.orders_order (
    first_name character varying(50) NOT NULL,
    last_name character varying(50) NOT NULL,
    email character varying(254) NOT NULL,
    address character varying(250) NOT NULL,
    postal_code character varying(20) NOT NULL,
    city character varying(100) NOT NULL,
    created timestamp with time zone NOT NULL,
    updated timestamp with time zone NOT NULL,
    paid boolean NOT NULL,
    id uuid NOT NULL,
    stripe_id character varying(250) NOT NULL
);


ALTER TABLE public.orders_order OWNER TO shop;

--
-- Name: orders_orderitems; Type: TABLE; Schema: public; Owner: shop
--

CREATE TABLE public.orders_orderitems (
    price numeric(10,2) NOT NULL,
    quantity integer NOT NULL,
    id uuid NOT NULL,
    order_id uuid NOT NULL,
    product_id uuid NOT NULL,
    CONSTRAINT orders_oderitems_quantity_check CHECK ((quantity >= 0))
);


ALTER TABLE public.orders_orderitems OWNER TO shop;

--
-- Name: shop_category; Type: TABLE; Schema: public; Owner: shop
--

CREATE TABLE public.shop_category (
    id uuid NOT NULL
);


ALTER TABLE public.shop_category OWNER TO shop;

--
-- Name: shop_category_translation; Type: TABLE; Schema: public; Owner: shop
--

CREATE TABLE public.shop_category_translation (
    id bigint NOT NULL,
    language_code character varying(15) NOT NULL,
    name character varying(200) NOT NULL,
    slug character varying(250) NOT NULL,
    master_id uuid
);


ALTER TABLE public.shop_category_translation OWNER TO shop;

--
-- Name: shop_category_translation_id_seq; Type: SEQUENCE; Schema: public; Owner: shop
--

ALTER TABLE public.shop_category_translation ALTER COLUMN id ADD GENERATED BY DEFAULT AS IDENTITY (
    SEQUENCE NAME public.shop_category_translation_id_seq
    START WITH 1
    INCREMENT BY 1
    NO MINVALUE
    NO MAXVALUE
    CACHE 1
);


--
-- Name: shop_product; Type: TABLE; Schema: public; Owner: shop
--

CREATE TABLE public.shop_product (
    image character varying(100) NOT NULL,
    price numeric(10,2) NOT NULL,
    available boolean NOT NULL,
    created_on timestamp with time zone NOT NULL,
    updated_on timestamp with time zone NOT NULL,
    id uuid NOT NULL,
    category_id uuid NOT NULL
);


ALTER TABLE public.shop_product OWNER TO shop;

--
-- Name: shop_product_translation; Type: TABLE; Schema: public; Owner: shop
--

CREATE TABLE public.shop_product_translation (
    id bigint NOT NULL,
    language_code character varying(15) NOT NULL,
    name character varying(200) NOT NULL,
    slug character varying(250) NOT NULL,
    description text NOT NULL,
    master_id uuid
);


ALTER TABLE public.shop_product_translation OWNER TO shop;

--
-- Name: shop_product_translation_id_seq; Type: SEQUENCE; Schema: public; Owner: shop
--

ALTER TABLE public.shop_product_translation ALTER COLUMN id ADD GENERATED BY DEFAULT AS IDENTITY (
    SEQUENCE NAME public.shop_product_translation_id_seq
    START WITH 1
    INCREMENT BY 1
    NO MINVALUE
    NO MAXVALUE
    CACHE 1
);


--
-- Data for Name: auth_group; Type: TABLE DATA; Schema: public; Owner: shop
--

COPY public.auth_group (id, name) FROM stdin;
\.


--
-- Data for Name: auth_group_permissions; Type: TABLE DATA; Schema: public; Owner: shop
--

COPY public.auth_group_permissions (id, group_id, permission_id) FROM stdin;
\.


--
-- Data for Name: auth_permission; Type: TABLE DATA; Schema: public; Owner: shop
--

COPY public.auth_permission (id, name, content_type_id, codename) FROM stdin;
1	Can add log entry	1	add_logentry
2	Can change log entry	1	change_logentry
3	Can delete log entry	1	delete_logentry
4	Can view log entry	1	view_logentry
5	Can add permission	2	add_permission
6	Can change permission	2	change_permission
7	Can delete permission	2	delete_permission
8	Can view permission	2	view_permission
9	Can add group	3	add_group
10	Can change group	3	change_group
11	Can delete group	3	delete_group
12	Can view group	3	view_group
13	Can add user	4	add_user
14	Can change user	4	change_user
15	Can delete user	4	delete_user
16	Can view user	4	view_user
17	Can add content type	5	add_contenttype
18	Can change content type	5	change_contenttype
19	Can delete content type	5	delete_contenttype
20	Can view content type	5	view_contenttype
21	Can add session	6	add_session
22	Can change session	6	change_session
23	Can delete session	6	delete_session
24	Can view session	6	view_session
25	Can add category	7	add_category
26	Can change category	7	change_category
27	Can delete category	7	delete_category
28	Can view category	7	view_category
29	Can add product	8	add_product
30	Can change product	8	change_product
31	Can delete product	8	delete_product
32	Can view product	8	view_product
41	Can add oder items	10	add_oderitems
42	Can change oder items	10	change_oderitems
43	Can delete oder items	10	delete_oderitems
44	Can view oder items	10	view_oderitems
33	Can add order	9	add_order
34	Can change order	9	change_order
35	Can delete order	9	delete_order
36	Can view order	9	view_order
37	Can add order items	10	add_orderitems
38	Can change order items	10	change_orderitems
39	Can delete order items	10	delete_orderitems
40	Can view order items	10	view_orderitems
\.


--
-- Data for Name: auth_user; Type: TABLE DATA; Schema: public; Owner: shop
--

COPY public.auth_user (id, password, last_login, is_superuser, username, first_name, last_name, email, is_staff, is_active, date_joined) FROM stdin;
1	pbkdf2_sha256$600000$yPGOeV8Zlfe99mlVKH8umK$sKjL9HokoTsg6kqUGvO/w/lgceaTsAk1hsJiA2KEJks=	2025-04-15 10:23:26.98646+05:30	t	sadique				t	t	2023-12-23 12:38:49.092+05:30
\.


--
-- Data for Name: auth_user_groups; Type: TABLE DATA; Schema: public; Owner: shop
--

COPY public.auth_user_groups (id, user_id, group_id) FROM stdin;
\.


--
-- Data for Name: auth_user_user_permissions; Type: TABLE DATA; Schema: public; Owner: shop
--

COPY public.auth_user_user_permissions (id, user_id, permission_id) FROM stdin;
\.


--
-- Data for Name: django_admin_log; Type: TABLE DATA; Schema: public; Owner: shop
--

COPY public.django_admin_log (id, action_time, object_id, object_repr, action_flag, change_message, content_type_id, user_id) FROM stdin;
1	2023-12-23 12:41:15.218+05:30	9d742efe-10df-43f9-a9a6-88fc94e857fb	Tea	1	[{"added": {}}]	7	1
2	2023-12-23 12:51:14.42+05:30	3cc155eb-4a63-4794-adc3-eaf50efe4425	Green Tea	1	[{"added": {}}]	8	1
3	2023-12-23 12:54:16.968+05:30	3cc155eb-4a63-4794-adc3-eaf50efe4425	Green Tea	2	[]	8	1
4	2023-12-23 12:54:28.05+05:30	3cc155eb-4a63-4794-adc3-eaf50efe4425	Green Tea	2	[]	8	1
5	2023-12-23 13:03:41.644+05:30	3cc155eb-4a63-4794-adc3-eaf50efe4425	Green Tea	3		8	1
6	2023-12-23 13:04:21.839+05:30	90918026-cc3d-4d7c-aa8d-f0c75404ac1f	Green Tea	1	[{"added": {}}]	8	1
7	2023-12-23 13:15:51.8+05:30	90918026-cc3d-4d7c-aa8d-f0c75404ac1f	Green Tea	3		8	1
8	2023-12-23 13:16:29.156+05:30	a8d8b68d-df82-4100-9aac-194a51277942	Red Tea	1	[{"added": {}}]	8	1
9	2023-12-23 13:19:13.803+05:30	a8d8b68d-df82-4100-9aac-194a51277942	Red Tea	3		8	1
10	2023-12-23 13:20:20.331+05:30	5c98db2a-498c-41dd-b4ba-a11ab692dd3a	Green Tea	1	[{"added": {}}]	8	1
11	2023-12-23 13:20:57.991+05:30	9e0c453a-baac-422b-8444-c4049a980577	Red Tea	1	[{"added": {}}]	8	1
12	2023-12-23 13:21:55.656+05:30	87c464cb-efb1-4b76-86a4-417e8249d6f1	Tea Powder	1	[{"added": {}}]	8	1
13	2023-12-23 20:49:26.496+05:30	9d742efe-10df-43f9-a9a6-88fc94e857fb	Tea	2	[]	7	1
14	2023-12-25 12:32:40.111+05:30	9e0c453a-baac-422b-8444-c4049a980577	Red Tea	2	[{"changed": {"fields": ["Image"]}}]	8	1
15	2023-12-25 12:32:57.225+05:30	87c464cb-efb1-4b76-86a4-417e8249d6f1	Tea Powder	2	[{"changed": {"fields": ["Image"]}}]	8	1
16	2024-07-03 09:50:12.937+05:30	08323077-7ca5-43d4-858e-8f8cae7a48c8	Order 08323077-7ca5-43d4-858e-8f8cae7a48c8	3		9	1
17	2024-07-03 09:50:12.952+05:30	ea5e4c04-d1d3-43a9-83a4-b2ad3bcf631b	Order ea5e4c04-d1d3-43a9-83a4-b2ad3bcf631b	3		9	1
18	2024-07-03 09:50:12.966+05:30	81834d14-7b22-467a-9bda-8c97b6e8a64c	Order 81834d14-7b22-467a-9bda-8c97b6e8a64c	3		9	1
19	2024-07-03 09:50:12.983+05:30	bc7925b5-7c74-4422-b06a-ae5d38d2617e	Order bc7925b5-7c74-4422-b06a-ae5d38d2617e	3		9	1
20	2024-07-03 09:50:13+05:30	3de065bf-dee6-4f83-ba95-221377361615	Order 3de065bf-dee6-4f83-ba95-221377361615	3		9	1
21	2024-07-03 09:50:13.012+05:30	745ae3a6-ac2b-478e-87f2-80260681eb7b	Order 745ae3a6-ac2b-478e-87f2-80260681eb7b	3		9	1
22	2024-07-03 09:50:13.023+05:30	ecc9c849-5538-428d-8a01-cea1ec2ed897	Order ecc9c849-5538-428d-8a01-cea1ec2ed897	3		9	1
23	2024-07-03 09:50:13.033+05:30	8df44d4b-6982-406d-a20e-e381a010b7a0	Order 8df44d4b-6982-406d-a20e-e381a010b7a0	3		9	1
24	2024-07-03 09:50:13.042+05:30	d02ea34a-535b-4dbc-b343-5e3884880e21	Order d02ea34a-535b-4dbc-b343-5e3884880e21	3		9	1
25	2024-07-03 09:50:13.052+05:30	97156c3e-47f4-455c-a667-7433820d935e	Order 97156c3e-47f4-455c-a667-7433820d935e	3		9	1
26	2024-07-03 09:50:13.072+05:30	8e792f33-292b-4365-b16c-f83b4d504ae1	Order 8e792f33-292b-4365-b16c-f83b4d504ae1	3		9	1
27	2024-07-03 09:50:13.083+05:30	a0426c03-e2b2-4e7e-9bfa-25e71b2e2f0b	Order a0426c03-e2b2-4e7e-9bfa-25e71b2e2f0b	3		9	1
28	2024-07-03 09:50:13.099+05:30	9609ad98-62c5-45dc-bef5-c45d0979b9f6	Order 9609ad98-62c5-45dc-bef5-c45d0979b9f6	3		9	1
29	2024-07-03 09:50:13.102+05:30	55726b26-7b29-447e-ad59-3799f505ac97	Order 55726b26-7b29-447e-ad59-3799f505ac97	3		9	1
30	2024-07-03 09:50:13.122+05:30	335704a4-cbd7-433d-9e53-93ebe283e33e	Order 335704a4-cbd7-433d-9e53-93ebe283e33e	3		9	1
31	2024-07-03 09:50:13.133+05:30	c866b193-7419-4808-95e7-44c2718e7f1f	Order c866b193-7419-4808-95e7-44c2718e7f1f	3		9	1
32	2024-07-03 09:50:13.142+05:30	53a47981-7b31-4cf5-bc74-4cee2c80fa73	Order 53a47981-7b31-4cf5-bc74-4cee2c80fa73	3		9	1
33	2024-07-03 09:50:13.158+05:30	3c284f8b-5ab6-4f3c-9e61-d1a25066cc40	Order 3c284f8b-5ab6-4f3c-9e61-d1a25066cc40	3		9	1
34	2024-07-03 09:50:13.167+05:30	21baa993-6df7-4ae6-8a74-4a7a1cb57eaf	Order 21baa993-6df7-4ae6-8a74-4a7a1cb57eaf	3		9	1
35	2024-07-03 09:50:13.183+05:30	f4f95056-4bdb-4f48-b954-96a4b64b68b9	Order f4f95056-4bdb-4f48-b954-96a4b64b68b9	3		9	1
36	2024-07-03 09:50:13.193+05:30	fe8f0c42-f462-4fc9-9d85-f95c3d214ec2	Order fe8f0c42-f462-4fc9-9d85-f95c3d214ec2	3		9	1
37	2024-07-03 09:50:13.202+05:30	6310b959-4054-494a-ac64-8478abcd02a4	Order 6310b959-4054-494a-ac64-8478abcd02a4	3		9	1
38	2024-07-03 09:50:13.216+05:30	b1b28dec-a19c-4b56-89b5-7fb42b91558d	Order b1b28dec-a19c-4b56-89b5-7fb42b91558d	3		9	1
39	2024-07-03 09:50:13.229+05:30	de58f6ec-1cff-4754-a456-a5b93552e876	Order de58f6ec-1cff-4754-a456-a5b93552e876	3		9	1
40	2024-07-03 09:50:13.241+05:30	da419cf3-007e-4560-a3c3-b2f5bf924565	Order da419cf3-007e-4560-a3c3-b2f5bf924565	3		9	1
41	2024-07-03 09:50:13.252+05:30	da8968c5-dcb9-407b-af9b-f21dd67402b8	Order da8968c5-dcb9-407b-af9b-f21dd67402b8	3		9	1
42	2024-07-03 09:50:13.252+05:30	f4006980-af71-4efa-ac84-2965b3b088af	Order f4006980-af71-4efa-ac84-2965b3b088af	3		9	1
43	2024-07-03 09:50:13.272+05:30	f524736a-f5df-44c2-8c6b-417f1098389b	Order f524736a-f5df-44c2-8c6b-417f1098389b	3		9	1
44	2024-07-03 09:50:13.285+05:30	6da1216a-94cc-4211-ab3a-ad17660b2025	Order 6da1216a-94cc-4211-ab3a-ad17660b2025	3		9	1
45	2024-07-03 09:50:13.295+05:30	2bf5eacc-9401-4ee6-9847-4f1643ff7713	Order 2bf5eacc-9401-4ee6-9847-4f1643ff7713	3		9	1
46	2024-07-03 09:50:13.306+05:30	bf7944cc-d6c2-416b-a64a-b92ac4543a37	Order bf7944cc-d6c2-416b-a64a-b92ac4543a37	3		9	1
47	2024-07-03 09:50:13.315+05:30	43193baf-1eff-459f-a27b-7021026b3bda	Order 43193baf-1eff-459f-a27b-7021026b3bda	3		9	1
48	2024-07-03 09:50:13.322+05:30	4b0bbf77-6c78-4390-93bd-f9d615a415a3	Order 4b0bbf77-6c78-4390-93bd-f9d615a415a3	3		9	1
49	2024-07-03 09:50:13.332+05:30	78847c6a-b9be-4a41-8ac5-3e2dc5963afd	Order 78847c6a-b9be-4a41-8ac5-3e2dc5963afd	3		9	1
50	2024-07-03 09:50:13.352+05:30	e7a49e79-972e-4b6b-891b-d4b167c9f5e0	Order e7a49e79-972e-4b6b-891b-d4b167c9f5e0	3		9	1
51	2024-07-03 09:50:13.366+05:30	ebb9f67b-5751-42ab-9ef1-0a9fdebb0bec	Order ebb9f67b-5751-42ab-9ef1-0a9fdebb0bec	3		9	1
52	2024-07-03 09:50:13.382+05:30	3866f331-2b67-45d4-8bb3-0043eb48c3f8	Order 3866f331-2b67-45d4-8bb3-0043eb48c3f8	3		9	1
53	2024-07-03 09:50:13.392+05:30	97588afa-4985-4718-940d-a9f129f31ee2	Order 97588afa-4985-4718-940d-a9f129f31ee2	3		9	1
54	2024-07-03 09:50:13.515+05:30	5edece8f-661a-4dd1-af88-6bab13158739	Order 5edece8f-661a-4dd1-af88-6bab13158739	3		9	1
55	2024-07-03 09:50:13.533+05:30	4f6fbef2-1513-4536-aea2-43d22e770b45	Order 4f6fbef2-1513-4536-aea2-43d22e770b45	3		9	1
56	2024-07-03 09:50:13.551+05:30	c2691772-87b3-45e1-b230-a3a30152f101	Order c2691772-87b3-45e1-b230-a3a30152f101	3		9	1
57	2024-07-03 09:50:13.562+05:30	b1c660f1-cf03-4f39-b188-2550e3803262	Order b1c660f1-cf03-4f39-b188-2550e3803262	3		9	1
58	2024-07-03 09:50:13.573+05:30	348c6805-bdfc-4999-adc9-f75d173ed71e	Order 348c6805-bdfc-4999-adc9-f75d173ed71e	3		9	1
59	2024-07-03 09:50:13.582+05:30	a4fc3b82-763b-4dfb-9484-0d75c5347f01	Order a4fc3b82-763b-4dfb-9484-0d75c5347f01	3		9	1
60	2024-07-03 09:50:13.592+05:30	eb81c9bf-3e2c-4f78-a090-b100cf208ba3	Order eb81c9bf-3e2c-4f78-a090-b100cf208ba3	3		9	1
61	2024-07-03 09:50:13.602+05:30	24d97aa0-e593-43e5-b232-948baafb530b	Order 24d97aa0-e593-43e5-b232-948baafb530b	3		9	1
62	2024-07-03 09:50:13.617+05:30	c2ed95e3-6940-44bd-af2c-bda1db705d79	Order c2ed95e3-6940-44bd-af2c-bda1db705d79	3		9	1
63	2024-07-03 09:50:13.627+05:30	58bc061c-deb3-4252-9426-753128c8f293	Order 58bc061c-deb3-4252-9426-753128c8f293	3		9	1
64	2024-07-03 09:50:13.638+05:30	3fc2ebfe-8ffd-493e-9bb8-827a3448d28c	Order 3fc2ebfe-8ffd-493e-9bb8-827a3448d28c	3		9	1
65	2024-07-03 09:50:13.648+05:30	d6b0a475-e9e7-4747-9a71-578b68eca446	Order d6b0a475-e9e7-4747-9a71-578b68eca446	3		9	1
66	2024-07-03 09:50:13.652+05:30	eee77d46-678b-4600-815e-087b8d4a5b9a	Order eee77d46-678b-4600-815e-087b8d4a5b9a	3		9	1
67	2024-07-03 09:50:13.665+05:30	ecb2a62d-d326-46db-90c0-bfb694620503	Order ecb2a62d-d326-46db-90c0-bfb694620503	3		9	1
68	2024-07-03 09:50:13.682+05:30	008f7c39-7bbf-405d-a31b-3ce0540782e0	Order 008f7c39-7bbf-405d-a31b-3ce0540782e0	3		9	1
69	2024-07-03 09:50:13.694+05:30	f136b65e-b60c-4a71-a86f-8681fc998faa	Order f136b65e-b60c-4a71-a86f-8681fc998faa	3		9	1
70	2024-07-03 09:50:13.705+05:30	de59c841-cc04-44d2-b93b-3c9ab45fc1b5	Order de59c841-cc04-44d2-b93b-3c9ab45fc1b5	3		9	1
71	2024-07-03 09:50:13.715+05:30	9f750fb5-1e53-4753-9042-5d64da16a90c	Order 9f750fb5-1e53-4753-9042-5d64da16a90c	3		9	1
72	2024-07-03 09:50:13.727+05:30	b3b1b643-6977-4551-9430-a8fe30167400	Order b3b1b643-6977-4551-9430-a8fe30167400	3		9	1
73	2024-07-03 09:50:13.732+05:30	41427519-b2f3-4a13-8a2b-aae5c31cec0c	Order 41427519-b2f3-4a13-8a2b-aae5c31cec0c	3		9	1
74	2024-07-03 09:50:13.756+05:30	044299cb-aa8d-4da1-a58c-15ff2537dce1	Order 044299cb-aa8d-4da1-a58c-15ff2537dce1	3		9	1
75	2024-07-03 09:50:13.768+05:30	a82eed4f-ab5d-456c-806a-f4352f7d4655	Order a82eed4f-ab5d-456c-806a-f4352f7d4655	3		9	1
76	2024-07-03 09:50:13.782+05:30	fd98ddfa-5fe2-41b9-8b79-69182c686a23	Order fd98ddfa-5fe2-41b9-8b79-69182c686a23	3		9	1
77	2024-07-03 09:50:13.792+05:30	306d3e9f-3e35-4466-b545-a36160977832	Order 306d3e9f-3e35-4466-b545-a36160977832	3		9	1
78	2024-07-03 09:50:13.802+05:30	54804385-1a67-4f19-8964-5845309d1962	Order 54804385-1a67-4f19-8964-5845309d1962	3		9	1
79	2024-07-03 09:50:13.815+05:30	352bd365-a8ab-4a9f-8b61-b081a9cd1340	Order 352bd365-a8ab-4a9f-8b61-b081a9cd1340	3		9	1
80	2024-07-03 09:50:13.824+05:30	8d231bc2-3bfb-4f7b-a129-5b7eea0b2e7f	Order 8d231bc2-3bfb-4f7b-a129-5b7eea0b2e7f	3		9	1
81	2024-07-03 09:50:13.836+05:30	6eea782f-6792-4a19-bc10-30d4a334f1d4	Order 6eea782f-6792-4a19-bc10-30d4a334f1d4	3		9	1
82	2024-07-03 09:50:13.848+05:30	ef609fdc-fa91-46bd-8eb6-d5ea740b96d2	Order ef609fdc-fa91-46bd-8eb6-d5ea740b96d2	3		9	1
83	2024-07-03 09:50:13.852+05:30	e39cf4b7-2bf7-44e0-b4fb-c996fe678763	Order e39cf4b7-2bf7-44e0-b4fb-c996fe678763	3		9	1
84	2024-07-03 09:50:13.872+05:30	a81bbbf8-4d80-439c-a715-81c24aba737e	Order a81bbbf8-4d80-439c-a715-81c24aba737e	3		9	1
85	2024-07-03 09:50:13.884+05:30	a7df022a-f676-4b88-a798-446da941d03b	Order a7df022a-f676-4b88-a798-446da941d03b	3		9	1
86	2024-07-03 09:50:13.896+05:30	eefd9ea6-c716-457a-82b5-15a6516b71df	Order eefd9ea6-c716-457a-82b5-15a6516b71df	3		9	1
87	2024-07-03 09:50:13.91+05:30	a1a97816-8f8a-4e33-a455-bf7134bf1142	Order a1a97816-8f8a-4e33-a455-bf7134bf1142	3		9	1
88	2024-07-03 09:50:13.922+05:30	9c00b0b6-0381-4634-9cf1-cca01a42fee4	Order 9c00b0b6-0381-4634-9cf1-cca01a42fee4	3		9	1
89	2024-07-03 09:50:13.981+05:30	38f544be-ce75-4ece-a7f8-cb214ea3af4b	Order 38f544be-ce75-4ece-a7f8-cb214ea3af4b	3		9	1
90	2024-07-03 09:50:13.998+05:30	9e430f27-31a2-4dee-a65b-58b204105543	Order 9e430f27-31a2-4dee-a65b-58b204105543	3		9	1
91	2024-07-03 09:50:14.002+05:30	d64a738a-de47-4c70-abe7-a0133afa041f	Order d64a738a-de47-4c70-abe7-a0133afa041f	3		9	1
92	2024-07-03 09:50:14.022+05:30	f6205e0f-a114-4270-8821-6bafb1a28e21	Order f6205e0f-a114-4270-8821-6bafb1a28e21	3		9	1
93	2024-07-03 09:50:14.032+05:30	658d4a95-b08f-4cfa-816a-8e1a21655517	Order 658d4a95-b08f-4cfa-816a-8e1a21655517	3		9	1
94	2024-07-03 09:50:14.043+05:30	71d48086-e344-461c-b60b-ae32048703b2	Order 71d48086-e344-461c-b60b-ae32048703b2	3		9	1
95	2024-07-03 09:50:14.052+05:30	59197e1a-f84e-4771-8ff9-e53ebaea371b	Order 59197e1a-f84e-4771-8ff9-e53ebaea371b	3		9	1
96	2024-07-08 11:50:22.621+05:30	5f1289bf-83ec-42ed-9d78-a434aea7e472	Order 5f1289bf-83ec-42ed-9d78-a434aea7e472	3		9	1
97	2024-07-08 11:50:22.64+05:30	d12dde28-9606-4597-82c1-25171d0e7a7a	Order d12dde28-9606-4597-82c1-25171d0e7a7a	3		9	1
98	2024-07-08 11:50:39.358+05:30	69159ba3-2e10-4e72-ab32-10769e00e0cb	Order 69159ba3-2e10-4e72-ab32-10769e00e0cb	3		9	1
99	2024-07-08 11:50:39.373+05:30	3fb635c6-09c8-4fea-ba26-f92c0cd751b3	Order 3fb635c6-09c8-4fea-ba26-f92c0cd751b3	3		9	1
100	2024-07-11 12:26:04.727395+05:30	9d742efe-10df-43f9-a9a6-88fc94e857fb	Tea	2	[{"changed": {"fields": ["Name"]}}]	7	1
101	2024-07-11 12:26:46.034894+05:30	9d742efe-10df-43f9-a9a6-88fc94e857fb	お茶	2	[{"changed": {"fields": ["Name"]}}]	7	1
102	2024-07-11 12:27:07.847028+05:30	9d742efe-10df-43f9-a9a6-88fc94e857fb	Tea	2	[]	7	1
103	2024-07-11 12:27:55.653248+05:30	9d742efe-10df-43f9-a9a6-88fc94e857fb	Tea	2	[]	7	1
104	2024-07-11 12:28:44.919498+05:30	9d742efe-10df-43f9-a9a6-88fc94e857fb	Tea	2	[]	7	1
105	2024-07-11 12:29:50.30357+05:30	9d742efe-10df-43f9-a9a6-88fc94e857fb	お茶1	2	[{"changed": {"fields": ["Name", "Slug"]}}]	7	1
106	2024-07-11 12:31:07.820572+05:30	9d742efe-10df-43f9-a9a6-88fc94e857fb	温かいお茶	2	[{"changed": {"fields": ["Name", "Slug"]}}]	7	1
107	2024-07-11 12:35:57.730674+05:30	9d742efe-10df-43f9-a9a6-88fc94e857fb	熱い お茶	2	[{"changed": {"fields": ["Name", "Slug"]}}]	7	1
108	2024-07-11 12:36:34.494629+05:30	9d742efe-10df-43f9-a9a6-88fc94e857fb	Tea	2	[]	7	1
109	2024-07-11 12:36:47.0774+05:30	9d742efe-10df-43f9-a9a6-88fc94e857fb	熱い お茶	2	[{"changed": {"fields": ["Slug"]}}]	7	1
110	2024-07-11 12:44:40.868219+05:30	9e0c453a-baac-422b-8444-c4049a980577	Red Tea	2	[{"changed": {"fields": ["Name", "Description"]}}]	8	1
111	2024-07-11 12:47:17.289116+05:30	9e0c453a-baac-422b-8444-c4049a980577	赤 お茶	2	[{"changed": {"fields": ["Name", "Description"]}}]	8	1
112	2024-07-11 12:48:54.193263+05:30	87c464cb-efb1-4b76-86a4-417e8249d6f1	Tea Powder	2	[{"changed": {"fields": ["Name", "Description"]}}]	8	1
113	2024-07-11 12:50:23.985602+05:30	87c464cb-efb1-4b76-86a4-417e8249d6f1	お茶 粉	2	[{"changed": {"fields": ["Name", "Description"]}}]	8	1
114	2024-07-11 12:51:31.494301+05:30	5c98db2a-498c-41dd-b4ba-a11ab692dd3a	Green Tea	2	[{"changed": {"fields": ["Name", "Description"]}}]	8	1
115	2024-07-11 12:53:02.892406+05:30	5c98db2a-498c-41dd-b4ba-a11ab692dd3a	緑 お茶	2	[{"changed": {"fields": ["Name", "Description"]}}]	8	1
116	2025-04-12 20:10:18.774506+05:30	9e0c453a-baac-422b-8444-c4049a980577	Red Tea	2	[{"changed": {"fields": ["Image"]}}]	8	1
117	2025-04-12 20:12:09.032142+05:30	9e0c453a-baac-422b-8444-c4049a980577	Red Tea	2	[{"changed": {"fields": ["Image"]}}]	8	1
118	2025-04-12 20:20:08.823952+05:30	f2ba7c1c-108a-48eb-8d68-91a31e67a250	Fine Powder	1	[{"added": {}}]	8	1
119	2025-04-12 20:22:14.073116+05:30	f2ba7c1c-108a-48eb-8d68-91a31e67a250	Fine Powder	3		8	1
120	2025-04-13 06:50:07.09288+05:30	9e0c453a-baac-422b-8444-c4049a980577	Red Tea	3		8	1
121	2025-04-13 06:50:55.805399+05:30	87c464cb-efb1-4b76-86a4-417e8249d6f1	Tea Powder	3		8	1
122	2025-04-13 06:51:40.087462+05:30	5c98db2a-498c-41dd-b4ba-a11ab692dd3a	Green Tea	3		8	1
123	2025-04-13 06:54:28.387315+05:30	ec665a81-3769-42c0-8091-21ba7e360c98	Red Tea	1	[{"added": {}}]	8	1
124	2025-04-13 06:55:45.401726+05:30	e72f8bac-bcd0-4d93-9dbb-2195f80a958d	Green Tea	1	[{"added": {}}]	8	1
125	2025-04-13 06:56:47.21536+05:30	94bb287c-41ee-429f-b8df-3d0e92e1ac75	Tea Powder	1	[{"added": {}}]	8	1
126	2025-04-13 07:01:46.57191+05:30	ec665a81-3769-42c0-8091-21ba7e360c98	レッドティー	2	[{"changed": {"fields": ["Name", "Description"]}}]	8	1
127	2025-04-13 07:03:27.449111+05:30	ec665a81-3769-42c0-8091-21ba7e360c98	Red Tea	3		8	1
128	2025-04-13 07:04:34.360435+05:30	c54c6962-dfe5-44e6-8ef0-ea9802828d25	Red Tea	1	[{"added": {}}]	8	1
129	2025-04-13 07:06:12.071386+05:30	c54c6962-dfe5-44e6-8ef0-ea9802828d25	レッドティー	2	[{"changed": {"fields": ["Name", "Description"]}}]	8	1
130	2025-04-13 07:07:55.614983+05:30	443053b5-b116-47f8-be1c-dbf33bc1a5a8	緑茶	1	[{"added": {}}]	8	1
131	2025-04-13 07:09:11.510697+05:30	f9aae4e1-8932-413a-9adb-9715f5af6f2b	粉末茶	1	[{"added": {}}]	8	1
132	2025-04-13 07:54:30.47853+05:30	443053b5-b116-47f8-be1c-dbf33bc1a5a8		3		8	1
133	2025-04-13 07:54:49.681557+05:30	f9aae4e1-8932-413a-9adb-9715f5af6f2b		3		8	1
134	2025-04-13 07:56:04.839496+05:30	c54c6962-dfe5-44e6-8ef0-ea9802828d25	Red Tea	3		8	1
135	2025-04-13 07:57:43.061077+05:30	2b73e3bf-f6ad-427c-9ae2-5aa5428d1cb4	Red Tea	1	[{"added": {}}]	8	1
136	2025-04-13 08:15:28.92329+05:30	e72f8bac-bcd0-4d93-9dbb-2195f80a958d	Green Tea	3		8	1
137	2025-04-13 08:15:28.931888+05:30	94bb287c-41ee-429f-b8df-3d0e92e1ac75	Tea Powder	3		8	1
138	2025-04-13 08:15:28.931888+05:30	2b73e3bf-f6ad-427c-9ae2-5aa5428d1cb4	Red Tea	3		8	1
139	2025-04-13 08:19:36.616747+05:30	9037f0e0-8fb9-49f4-8ca4-a22a7ded60c0	Red Tea	1	[{"added": {}}]	8	1
140	2025-04-13 08:20:23.167332+05:30	9037f0e0-8fb9-49f4-8ca4-a22a7ded60c0	Red Tea	3		8	1
141	2025-04-13 08:25:41.370307+05:30	62b09b20-93a2-4557-89b2-3f168661a856	Red Tea	1	[{"added": {}}]	8	1
142	2025-04-13 08:26:20.884432+05:30	59d94dc9-320b-40ac-b3e1-fcc1b4c447c3	Green Tea	1	[{"added": {}}]	8	1
143	2025-04-13 08:27:03.214742+05:30	0d350aec-01ab-4480-976e-1835f6b739e2	Tea Powder	1	[{"added": {}}]	8	1
144	2025-04-13 08:34:42.67173+05:30	62b09b20-93a2-4557-89b2-3f168661a856	赤 お茶	2	[{"changed": {"fields": ["Name", "Description"]}}]	8	1
145	2025-04-13 08:45:52.564111+05:30	62b09b20-93a2-4557-89b2-3f168661a856	Red Tea	3		8	1
146	2025-04-13 08:45:52.564111+05:30	59d94dc9-320b-40ac-b3e1-fcc1b4c447c3	Green Tea	3		8	1
147	2025-04-13 08:45:52.57477+05:30	0d350aec-01ab-4480-976e-1835f6b739e2	Tea Powder	3		8	1
148	2025-04-13 11:55:32.846402+05:30	64063ff6-d92f-4303-93cf-c90bdbf7e207	Red Tea	1	[{"added": {}}]	8	1
149	2025-04-13 11:56:16.472267+05:30	1b50ed22-0dc0-42d6-b673-15eb91960581	Green Tea	1	[{"added": {}}]	8	1
150	2025-04-13 11:57:00.762984+05:30	dd47fc1e-473f-4003-b173-8f4af86aa304	Tea Powder	1	[{"added": {}}]	8	1
151	2025-04-14 07:33:58.118217+05:30	dd47fc1e-473f-4003-b173-8f4af86aa304	お茶 粉	2	[{"changed": {"fields": ["Name", "Description"]}}]	8	1
152	2025-04-14 07:35:36.41272+05:30	64063ff6-d92f-4303-93cf-c90bdbf7e207	赤 お茶	2	[{"changed": {"fields": ["Name", "Description"]}}]	8	1
153	2025-04-14 07:37:05.49072+05:30	1b50ed22-0dc0-42d6-b673-15eb91960581	緑 お茶	2	[{"changed": {"fields": ["Name", "Description"]}}]	8	1
154	2025-04-15 10:31:59.529917+05:30	9d742efe-10df-43f9-a9a6-88fc94e857fb	熱い お茶	2	[{"changed": {"fields": ["Slug"]}}]	7	1
\.


--
-- Data for Name: django_content_type; Type: TABLE DATA; Schema: public; Owner: shop
--

COPY public.django_content_type (id, app_label, model) FROM stdin;
1	admin	logentry
2	auth	permission
3	auth	group
4	auth	user
5	contenttypes	contenttype
6	sessions	session
7	shop	category
8	shop	product
10	orders	orderitems
9	orders	order
11	shop	producttranslation
12	shop	categorytranslation
\.


--
-- Data for Name: django_migrations; Type: TABLE DATA; Schema: public; Owner: shop
--

COPY public.django_migrations (id, app, name, applied) FROM stdin;
1	contenttypes	0001_initial	2024-07-08 12:20:03.558312+05:30
2	auth	0001_initial	2024-07-08 12:20:03.683818+05:30
3	admin	0001_initial	2024-07-08 12:20:03.714845+05:30
4	admin	0002_logentry_remove_auto_add	2024-07-08 12:20:03.714845+05:30
5	admin	0003_logentry_add_action_flag_choices	2024-07-08 12:20:03.730475+05:30
6	contenttypes	0002_remove_content_type_name	2024-07-08 12:20:03.746098+05:30
7	auth	0002_alter_permission_name_max_length	2024-07-08 12:20:03.746098+05:30
8	auth	0003_alter_user_email_max_length	2024-07-08 12:20:03.746098+05:30
9	auth	0004_alter_user_username_opts	2024-07-08 12:20:03.761724+05:30
10	auth	0005_alter_user_last_login_null	2024-07-08 12:20:03.761724+05:30
11	auth	0006_require_contenttypes_0002	2024-07-08 12:20:03.761724+05:30
12	auth	0007_alter_validators_add_error_messages	2024-07-08 12:20:03.777351+05:30
13	auth	0008_alter_user_username_max_length	2024-07-08 12:20:03.793082+05:30
14	auth	0009_alter_user_last_name_max_length	2024-07-08 12:20:03.793082+05:30
15	auth	0010_alter_group_name_max_length	2024-07-08 12:20:03.793082+05:30
16	auth	0011_update_proxy_permissions	2024-07-08 12:20:03.808597+05:30
17	auth	0012_alter_user_first_name_max_length	2024-07-08 12:20:03.808597+05:30
18	shop	0001_initial	2024-07-08 12:20:03.855473+05:30
19	shop	0002_alter_product_image	2024-07-08 12:20:03.8711+05:30
20	shop	0003_alter_product_image	2024-07-08 12:20:03.8711+05:30
21	orders	0001_initial	2024-07-08 12:20:03.902359+05:30
22	orders	0002_rename_oderitems_orderitems_alter_orderitems_options	2024-07-08 12:20:03.917978+05:30
23	orders	0003_order_stripe_id	2024-07-08 12:20:03.933601+05:30
24	orders	0004_alter_order_address_alter_order_city_and_more	2024-07-08 12:20:03.933601+05:30
25	sessions	0001_initial	2024-07-08 12:20:03.965123+05:30
26	shop	0004_translations	2024-07-11 11:47:10.050987+05:30
\.


--
-- Data for Name: django_session; Type: TABLE DATA; Schema: public; Owner: shop
--

COPY public.django_session (session_key, session_data, expire_date) FROM stdin;
01fn8ql1hvu2dgypzrrssrqvgxk2rjal	eyJjYXJ0a2V5Ijp7fX0:1sLdTI:puCktQmRdnFVTmlotygEGKV-AID2c6wSis5M-950QRQ	2024-07-08 12:16:36.942+05:30
06a7qxisk1xn7aobiaxktlqmtu2et1xl	eyJjYXJ0a2V5Ijp7fX0:1sOBbC:PcG-GQz7M4_GB-xOrxBMSB_9tUfPJzK2XQ5v0L-UT-E	2024-07-15 13:07:18.393+05:30
0a5rz7olhrpw79illkq82hmp3euhax28	eyJjYXJ0a2V5Ijp7fX0:1sNkNK:4mO1r7J6Zseccq7pxsj7g4XdXVPwIE2TMJskshyGjWk	2024-07-14 08:03:10.131+05:30
0bh7orp7hhvhxm8scaddnj41ppllgk7c	.eJx1zksKwzAMhOG7aB0F2xm_chtJdiAUShvSRSm5e1PoNvv5P-ZDJtt-62-aPxStlqZBGLUYw7fGChUW70VTDa1N8ts9X3Lf1_1s_ECPbbVOM01udI6OgWp3hjgJq8iphKBcALDBoUotLuZ8qSD-lZINCabcF_UMzYlLEpyvci8BtaXFXyrBj_FUjuML-_U_FA:1sKviQ:plk0UTe--ruAc7MLki6B3SLRUs6ZDmCAUWQQtYa2Q6E	2024-07-06 13:33:18.557+05:30
0czy2cmhzxw0h7e25s5htykj6e0gjopi	.eJx1zEEKwyAQRuG7zDoT1P7qmNuMUwOhUNpgFyV496QH6P697yDTvT_al5aDSnOGeFOuqsYIobIAYIND0SIu5vzr3h999q1fj5_otW_WaCHE2TkaE0k2JFjltlbPqDmxJAXD5yYB5Z5W_1cJfo6XMsYJDZwrKw:1sNpsg:cejMQBDU0Wgs_HvfBrXCrKiW8yApuAfyKHLRRgZPUTs	2024-07-14 13:55:54.248+05:30
0hnaltw6td6noacxr0e6cy1t3fw6166f	.eJyFjEEOgzAMBP_iM5YCduqUR_QPjnEkhAQtSg8Vyt-bvqCXvczMXmB61s0_MF8QKIYlm6OrBmR3xZxiwag0dWR96ee93rrXtfZmHOB5ruYww-PYHdoAVgrlRAGXOxuyyISqIphMmGSUeDP-c9LaF0kTLNM:1s4MtN:CvWjyLs6G8E1rYFzjhGgpKmL77MWMRl0-nupaLPKJVY	2024-05-21 21:08:09.409+05:30
0p3zbg396kn84q1aojwvoak448ns6t2c	eyJjYXJ0Ijp7fX0:1rgJYP:yfYfQFdXsOnGqOG-MJv5dA47HYN3tHwhTu-JCx0umHk	2024-03-16 12:43:05.672+05:30
0wik8nijddwp7g4yqwz3wbujlszyv3gi	.eJxVzDEOwjAMQNG7eK6Rkzg07m1sJ0OFhKAKA6py9xYWxP7_28F167f2hmWH7FKqRUWW4sihVjQ2RQ1B7Sqx1qSf7vnSe1_7-YQJHtvqDRZIdCGCMYE0cs5J0VRPJUbDwszoTCwqhfI8_yvxp3D-KmMcfGIr-A:1sBU5N:IzYUQhTBZvospfYQ3XbzT4uy9jkM8pbXkKijSmXESug	2024-06-10 12:13:57.882+05:30
1d7b78t69i2gke927fqs4bjfep0i0ruq	eyJjYXJ0a2V5Ijp7fX0:1sNSTF:3Isy00KEMqhn5mmXeQIepH6Irw5wP2XcXH7PCR_oHw8	2024-07-13 12:56:05.163+05:30
1dn1kgryhl305oawxuslzmb1x0yvsiar	.eJyFzEEOwkAIQNG7sC4Jw6A4PYR3oECTxqRqUxemmburJ3D_3z_Abdtv-YbxAHGOEtUxC1WUU000aY7UxGIuYY3l1z1ftu7L_jVlgMe2eMII1_ua0AewqhO1JIxQRTEmnDTP6LML8YWVWf9Mev8AMZosyg:1s4MpT:XY7s2ZzWodTvn9pj8urlw346mbLW9dOagpON5RMbi-A	2024-05-21 21:04:07.804+05:30
1dweghzeafd0bvqtc91tshjxvmr140vm	.eJx1zEEKwyAQRuG7zDoT1P7qmNuMUwOhUNpgFyV496QH6P697yDTvT_al5aDJBsSrHJbq2fUnFiSguFzk4ByT6v_de-PPvvWr8dP9No3a7RQ8HN0NCYqzRniTbmqGiOEygKADQ5Fi7iY818FcXaXMsYJIHorKw:1sLjp8:5p1ywa2I-gGUx3v7jvZmH9AzRAbDlZgt3qC96w9mo1A	2024-07-08 19:03:34.072+05:30
1gyz60iltbt15jzo098b5yk9z5uuej3q	eyJjYXJ0a2V5Ijp7fX0:1sCDRC:6eNpAZOW3ijsPl-JLtE6E0se7PragWLvcRQFWgpjtK4	2024-06-12 12:39:30.983+05:30
1kpkmnaohpntdcu929vyms65ffn90bts	eyJjYXJ0a2V5Ijp7IjllMGM0NTNhLWJhYWMtNDIyYi04NDQ0LWM0MDQ5YTk4MDU3NyI6eyJxdWFudGl0eSI6MywicHJpY2UiOiI0NS4wMCJ9fX0:1sNopP:gHm42PiSUHNe29LWuArkw0TqpjZga0P96KUa5v41JY0	2024-07-14 12:48:27.507+05:30
1pqeok9gfa58bzpqp81o3wgzybnlpkpm	.eJx1zksKwzAMhOG7aB0F2xm_chtJdiAUShvSRSm5e1PoNvv5P-ZDJtt-62-aPxStlqZBGLUYw7fGChUW70VTDa1N8ts9X3Lf1_1s_ECPbbVOM01udI6OgWp3hjgJq8iphKBcALDBoUotLuZ8qSD-lZINCabcF_UMzYlLEpyvci8BtaXFXyrBj_FUjuML-_U_FA:1sA0nB:YNePGBDX8Bw6iIajxie_THsk9BZpXIZ2UTj0moX5npI	2024-06-06 10:45:05.987+05:30
1r2itgtihhhg5hz1hf6cp1kdku7xlwwt	eyJjYXJ0a2V5Ijp7fX0:1s4aU0:YnjqIptErWhrcCzI6s3vr7v-a8dCiy8PHXLJ5BscOKc	2024-05-22 11:38:52.615+05:30
1xg4nb028s93befgckiv9m88irtdlx31	.eJx1zksKwzAMhOG7aB0F2xm_chtJdiAUShvSRSm5e1PoNvv5P-ZDJtt-62-aPxStlqZBGLUYw7fGChUW70VTDa1N8ts9X3Lf1_1s_ECPbbVOM01udI6OgWp3hjgJq8iphKBcALDBoUotLuZ8qSD-lZINCabcF_UMzYlLEpyvci8BtaXFXyrBj_FUjuML-_U_FA:1sOI1r:-3fAdgD0h5lj8wgTzTKuYQyIg90CDKNrEyfZUXWLjiM	2024-07-15 19:59:15.855+05:30
1z84zmp0a3q1l9kbzc2fsosua5z0zjgp	.eJyFjsENgzAMAHfxG0smcULMEN3BcYyEKtEW0UeF2B06Af-70-1gum5P_8G4wxSi5V4FNSdGjtawViKs5IOkaMYh_LnPV5dt3i6n7-C9zuYwwuO1OBwdUO2duBAmYUIO6limZJhIkg8tVop0G5kGFc4WUYgKskpDKZ7Rmxq3aypXvokcxwlmf0Bx:1s3tup:MqqfkZPIRzStrfm6bbxjYJq0xSCHsIdKtd4_EvoVihA	2024-05-20 14:11:43.737+05:30
20ci5yzohzzbf8ai4p4bs1abtnismmgf	eyJjYXJ0a2V5Ijp7IjllMGM0NTNhLWJhYWMtNDIyYi04NDQ0LWM0MDQ5YTk4MDU3NyI6eyJxdWFudGl0eSI6MywicHJpY2UiOiI0NS4wMCJ9fX0:1sOBdn:U0K2wc3y0S9RiQj_OpNZoQD3rsCGXNKLG2Z0wYVAkwk	2024-07-15 13:09:59.088+05:30
233z9pe1ekd1sq17eku8g21ie8v05253	eyJjYXJ0a2V5Ijp7IjVjOThkYjJhLTQ5OGMtNDFkZC1iNGJhLWExMWFiNjkyZGQzYSI6eyJxdWFudGl0eSI6MSwicHJpY2UiOiIzMC4wMCJ9fX0:1sOGvh:jnz_GGz_Ud-hL4rVRhxx_gDnUbIgEy0ckLA6tdr8aZg	2024-07-15 18:48:49.191+05:30
29d0t0evxf04w0ls753vubkb9xxv4al0	eyJjYXJ0a2V5Ijp7ImYzN2IyMWYzLWFhNTAtNGE0YS04Y2U0LTQzN2M3OTBmZjhkMyI6eyJxdWFudGl0eSI6MSwicHJpY2UiOiJOb25lIn19fQ:1s4Mo1:a_vAUtbcrSc3rYoM5bGKM_mlH9nCXqanI_JDJDKzsX4	2024-05-21 21:02:37.474+05:30
2kmlwaurgjs90pqwzi4xfjpokg5675l2	eyJjYXJ0a2V5Ijp7fX0:1sMOZ6:hO7tjvob4j_bFbzpSmYq_4GcD6SXP9Eo1YH32rgqxCo	2024-07-10 14:33:44.105+05:30
2ogmaadlcfnlovzhl3c479auuplmarul	.eJx1zDEOwjAMQNG7eK4rJ3Fo3NvYToaqEoIqDKjK3Sns7P-_E1yPvrc3rCdkl1ItKrIURw61orEpaghqN4m1Jv12z5fe-9avJ0zwODZvsEKimQjGBNLIOSdFU72UGA0LM6MzsagUysvyV-H8U8b4AHxOK_c:1sNTP3:YDvBApTMrqeh19V7lVv6rHkFUrhrFiH6GwyeAbJhGfw	2024-07-13 13:55:49.383+05:30
2oj6woldbkg6jicdman7llv7tvkj4oz8	.eJx1zDEOwjAMQNG7eK4rJ3Fo3NvYToaqEoIqDKjK3Sns7P-_E1yPvrc3rCdkl1ItKrIURw61orEpaghqN4m1Jv12z5fe-9avJ0zwODZvsEKimQjGBNLIOSdFU72UGA0LM6MzsagUysvyV-H8U8b4AHxOK_c:1sNXo6:1nnwr6BY7fjTuuso5plYzMEQEWdFWH8mqRMXyH7SIEw	2024-07-13 18:37:58.35+05:30
2yqnt965sibd7zt0c92v45i7ania2wce	eyJvcmRlcl9pZCI6Ijk2MDlhZDk4LTYyYzUtNDVkYy1iZWY1LWM0NWQwOTc5YjlmNiJ9:1sOBZY:YIfnFQjvcYSvaxH1nO90A-59dbzBtZHinHFHypvr-Xk	2024-07-15 13:05:36.348+05:30
3758pph1pmptwud6szz4470lt56m2z83	eyJjYXJ0a2V5Ijp7fX0:1sL2M9:wKo87FhXrZpUqofDv-YDvn3okcjbsIn9DZAUZdle_is	2024-07-06 20:38:45.162+05:30
384st845p1erm80nkaeq4enql2ntyngv	.eJx1zDEOwjAMQNG7eK4rJ3Fo3NvYToaqEoIqDKjK3Sns7P-_E1yPvrc3rCdkl1ItKrIURw61orEpaghqN4m1Jv12z5fe-9avJ03wODZvsEKimQjGBNLIOSdFU72UGA0LM6MzsagUysvyV-H8U8b4AH0qK_s:1sNmp5:g9okK5fD822oaYu8ybaUhPSmVeekRXJIf5fPsayZmjw	2024-07-14 10:39:59.216+05:30
39obj6ydn2gmvpfej9du5nyvl9fruwyv	.eJx1zDEOwjAMQNG7eK4rJ3Fo3NvYToaqEoIqDKjK3Sns7P-_E1yPvrc3rCdkl1ItKrIURw61orEpaghqN4m1Jv12z5fe-9avJ0zwODZvsEKimQjGBNLIOSdFU72UGA0LM6MzsagUysvyV-H8U8b4AHxOK_c:1sNSfe:outt8KPhychIhK-jw7Ky8hIZIZ7y4hAFNnVRQqSW4zU	2024-07-13 13:08:54.623+05:30
39zpjtv51zybve12uu81ruzbvo8hsnrx	.eJx1zksKwzAMhOG7aB0Fyxm_ehvJdiAUShvSRSm5e9Pss5_5-L9Udd3u_UO3L5XuKsKkbKqV4b1xBsAVDkVLdiGl_-711se2bMdHBnquS-10I4TROdoHyqkiohr32YRhKXKOCoaknj1Ki7NcKl7GcCqhltzMK6Pko0VaY4Mpq4haLL61SS-VyZ0t-_4DeYc_FA:1sNpgK:HQmfUdEaZCctUCznow4JVcrtv4wxoekPs6ZRh3x0wqg	2024-07-14 13:43:08.377+05:30
3h7fmxjiy31bi7bo7us4lvc7gynjioaa	eyJjYXJ0a2V5Ijp7fX0:1sLjOp:2kUE621_vjA34cjTbdKQb7tss7PBuCvhf6sTFkPwNcg	2024-07-08 18:36:23.305+05:30
3kj4o9vlqszsdfolvyvvrpckm35nehtf	eyJjYXJ0a2V5Ijp7Ijk2M2ZiZTcxLWFkZWYtNGNhOC04N2NjLWZhYTk5MDRkNTM2OSI6eyJxdWFudGl0eSI6MSwicHJpY2UiOiJOb25lIn19fQ:1s4Vo5:P3hz_CZoJF2U08HgSRHxWEvFJOx88eyaa8bCnRjVXTw	2024-05-22 06:39:17.922+05:30
3l9bxflednv9xctgtbpmwqbwiachxs8y	eyJjYXJ0a2V5Ijp7IjllMGM0NTNhLWJhYWMtNDIyYi04NDQ0LWM0MDQ5YTk4MDU3NyI6eyJxdWFudGl0eSI6MSwicHJpY2UiOiI0NS4wMCJ9fX0:1sMqXG:j55G4toCMvrmXcMS1wKzzJDl0oD5wER7bZ4vo9zpRfg	2024-07-11 20:25:42.335+05:30
3ncemwqrj17onvrvo8qdy47cv4n4yyxu	eyJjYXJ0a2V5Ijp7IjllMGM0NTNhLWJhYWMtNDIyYi04NDQ0LWM0MDQ5YTk4MDU3NyI6eyJxdWFudGl0eSI6MiwicHJpY2UiOiI0NS4wMCJ9fX0:1sNoiG:zmnVwZk7F4ITs4d37rjYEp3ojO1LihkH03U2XJ-qk88	2024-07-14 12:41:04.433+05:30
3si98goqa3fmjms7alyvvrer4oamlt75	eyJjYXJ0a2V5Ijp7fX0:1sL2HC:Jb-6JGFa1Qdx8LemA5dDXCjQx865pr2TfZizui0MCRg	2024-07-06 20:33:38.956+05:30
3u4m8oyfr8y42a2ipr60x5vs9buijpfu	eyJjYXJ0a2V5Ijp7fX0:1sMVoK:7_ipoBrxgKXPLUrB-fKYPAlPViHN7P3MJ3XYJGlUHr0	2024-07-10 22:17:56.437+05:30
3w0j9yvhkmzljnfw4pdfums8u154gfw7	eyJjYXJ0a2V5Ijp7fX0:1sMNuV:K9tq8URHlDFJyqUvWBi4g5Mqb-LUyLyW2sYbHzPk6F0	2024-07-10 13:51:47.801+05:30
3x0qhna9o0fekxyiplzvcfziolthd73e	.eJyFzEsOwjAMRdG9eFxLzo_EXQR7cGJHqpAKVGWAquydsoJO3ui-c0CTbX_YF-YDOMXkuylWdYwxuILsidCyskqhGjn9u_dH1n3Zz4-b4LUtzWCG-3M1GBNwU3ZeBM36iVAhZD0nWQiayZM2vkTM8y25QChZKsbaBUtuEUuQJt0R5aQXyBg_fc9Aiw:1s4Msb:SBagZYgKoknVlsxXzJRAwcuJNtDOGK9fLt5hWdXkVh8	2024-05-21 21:07:21.845+05:30
3zkw0waw1sbtr4qsnrzmszkxuedp3zhp	eyJjYXJ0a2V5Ijp7IjUyYzhlMjMzLTY0NmYtNGQzZS05MDgzLTg4NmZhZWYwY2Q2ZiI6eyJxdWFudGl0eSI6MSwicHJpY2UiOiJOb25lIn19fQ:1s4Vpl:rjBVxRqJAjZbySWFxcbpza0X8bR1nnVcQQbRjGauP2A	2024-05-22 06:41:01.411+05:30
411li04dm835uu080ukwmhpixbtbkgt8	eyJjYXJ0a2V5Ijp7fX0:1sMe4v:ahBsg4xP97iI15geVU6HpLREOF3VNWscGD-EYUcJhak	2024-07-11 07:07:37.701+05:30
4786k1e5csol0uhvik46ucpj6ie45m6l	eyJjYXJ0a2V5Ijp7fX0:1sMe5Q:qqDTzfrzAJiEFGOfY416T5IC6U29614E6Nt-OalXBdM	2024-07-11 07:08:08.516+05:30
4bb4u9a9wtrcdl5zowz0bn7bpkq85491	eyJvcmRlcl9pZCI6IjhkMjMxYmMyLTNiZmItNGY3Yi1hMTI5LTViN2VlYTBiMmU3ZiIsImNhcnRrZXkiOnt9fQ:1sGM00:v9YZ86mhCXae5ktDRcoVcbzXe1KJFGhP1Xhm9S1o2LA	2024-06-23 22:36:32.117+05:30
4je4kpx33v9vnq23zi8inn5m6i1bpbjr	eyJjYXJ0a2V5Ijp7IjVjOThkYjJhLTQ5OGMtNDFkZC1iNGJhLWExMWFiNjkyZGQzYSI6eyJxdWFudGl0eSI6MSwicHJpY2UiOiIzMC4wMCJ9fX0:1sNZyT:YY0zhw-RnGAgceXDG3RfxciLvmrDrKtHzBrvaCTe5OY	2024-07-13 20:56:49.698+05:30
4jggd33rgvzf9f887grqumdeh8fxsp1q	.eJx1zDEOwjAMQNG7eK4rJ3Fo3NvYToaqEoIqDKjK3Sns7P-_E1yPvrc3rCdkl1ItKrIURw61orEpaghqN4m1Jv12z5fe-9avJ0zwODZvsEKimQjGBNLIOSdFU72UGA0LM6MzsagUysvyV-H8U8b4AHxOK_c:1sMeIM:Mge-4m_NRCEzOGUX9-HSwSeEZn84E1Mu6TTsDwf-6Js	2024-07-11 07:21:30.389+05:30
5c7eb2mjd7d37snzhqj6ykhcm2mlh5lj	.eJx1zksKwzAMhOG7aB0F2xm_chtJdiAUShvSRSm5e1PoNvv5P-ZDJtt-62-aPxStlqZBGLUYw7fGChUW70VTDa1N8ts9X3Lf1_1s_ECPbbVOM01udI6OgWp3hjgJq8iphKBcALDBoUotLuZ8qSD-lZINCabcF_UMzYlLEpyvci8BtaXFXyrBj_FUjuML-_U_FA:1s4iDA:-DKqdLdH9KAV6PqkjCgN4_plAsMyqD0XaY9UwizGBgY	2024-05-22 19:54:00.859+05:30
5dntufdbugcnxkm8gx1y1bs37inum94r	.eJx1zDEOwjAMQNG7eK4rJ3Fo3NvYToaqEoIqDKjK3Sns7P-_E1yPvrc3rCdkl1ItKrIURw61orEpaghqN4m1Jv12z5fe-9avJ0zwODZvsEKimQjGBNLIOSdFU72UGA0LM6MzsagUysvyV-H8U8b4AHxOK_c:1sNY36:EBEodDegtbM4JunCmyZxaJVPPi0w-FqK-15-nbTyNyA	2024-07-13 18:53:28.015+05:30
5fvylhy7zez0hnaxawvpvmtt72g0ggp3	eyJvcmRlcl9pZCI6ImJjNzkyNWI1LTdjNzQtNDQyMi1iMDZhLWFlNWQzOGQyNjE3ZSJ9:1sOKHW:U-WPvMPZjdFq2mr5YH9g0i1g-OE3mN9m1HiRfGdcvv8	2024-07-15 22:23:34.89+05:30
5ixhqo7b3bhsw1z63omtxl9xki2mkwiz	.eJx1zMsKgzAQRuF3mbUjSfxz821mJhGkUFqxi1J891ro1v0534dMtv3W3zR_qHZniJOwihgjBOUCgA0OVWpxMedf93zJfV_38_EDPbbVOs2EODpHx0DRamkahFHLqfjWWKHC4r1oqqG1SS6Vyf2Vkg0JptwX9QzNiUsSnF7uJaC2tPhLJfgxnspxfAGxTz8U:1sLOiB:OM7v-qef9GuR0zqidtNmhJzEE_aZIMjbwJQF-Xh7UFg	2024-07-07 20:30:59.235+05:30
5krwucik82gsvp9fe4x0g8bkamwqr19v	.eJx1zEsOgzAMRdG9eIxRHF5-3Y2dBAlVqlpEB1XF3kuZM7_3fKnqut37h25fyqkiohr32YRhKXKOCoaknj1Ki7P8u9dbH9uyHY8M9FyX2ulGXsbgaB-odFcRJmVTrQzvjTMArnAoWrILKV0qCKM7lVBLbuaVUfKhSGtsMGUVUYvFtzbppTK5U9n3H4xlPxQ:1sO9yg:1qIQCiF0yxr95Z39KsjLU2VevtDnvd5_giWe-qHO6NM	2024-07-15 11:23:26.298+05:30
5l1e3dd35075cfhp2ryulkb754wzwog5	eyJjYXJ0a2V5Ijp7Ijg3YzQ2NGNiLWVmYjEtNGI3Ni04NmE0LTQxN2U4MjQ5ZDZmMSI6eyJxdWFudGl0eSI6MSwicHJpY2UiOiIyMS41MCJ9fX0:1sMqlc:3isnw25NQ0zZta6Deic65Wrg3B-iZDSuXNuMFqC4xCE	2024-07-11 20:40:32.122+05:30
5o7jyx6283oeyan8us509awfq3w1ibvt	eyJjYXJ0a2V5Ijp7IjVjOThkYjJhLTQ5OGMtNDFkZC1iNGJhLWExMWFiNjkyZGQzYSI6eyJxdWFudGl0eSI6MSwicHJpY2UiOiIzMC4wMCJ9fX0:1sOGSI:42DNlyYn6TJqHrfVgLxzzqKb6Q5gue851VoJ7g0VUQw	2024-07-15 18:18:26.271+05:30
5p0guohx34uzxw0xoker4qhzptbc1rvm	.eJxVzDEOwjAMQNG7eK6Rkzg07m1sJ0OFhKAKA6py9xYWxP7_28F167f2hmWH7FKqRUWW4sihVjQ2RQ1B7Sqx1qSf7vnSe1_7-YQJHtvqDRZIdCGCMYE0cs5J0VRPJUbDwszoTCwqhfI8_yuQ4Odw_jpjHM7rLD0:1sMfT5:wM1_YZTAwtCGc8Wkqov5NuvKQfMY2wrfaLlvfZRtIyE	2024-07-11 08:36:39.232+05:30
5pi86129tbjkzf8ec9fw8umf296t7j7q	.eJx1zEEKwyAQRuG7zDoT1P7qmNuMUwOhUNpgFyV496QH6P697yDTvT_al5aDSnOGeFOuqsYIobIAYIND0SIu5vzr3h999q1fj5_otW_WaCHE2TkaE0k2JFjltlbPqDmxJAXD5yYB5Z5W_1cJfo6XMsYJDZwrKw:1sMqNh:PXkN_9qIsOUCxJoZT61wEqfrUgu2Gg-hKk43K1faz_c	2024-07-11 20:15:49.564+05:30
5z5ylcc8dkunc5d29c62gbmtp6ahuwn4	eyJjYXJ0a2V5Ijp7fX0:1s8w6F:JNueLXU-lOvPag-PbG7A5rhRt6wr0oKqUOsRMti36po	2024-06-03 11:32:19.908+05:30
60jxdeef5ox1c6c8kgqquyfhmkqlporq	eyJjYXJ0a2V5Ijp7Ijg3YzQ2NGNiLWVmYjEtNGI3Ni04NmE0LTQxN2U4MjQ5ZDZmMSI6eyJxdWFudGl0eSI6MSwicHJpY2UiOiIyMS41MCJ9fX0:1sMfW2:sy-9mEMNbMxX0jsjrNOLx7kWP0MVJ3QrNApvv3KmMXo	2024-07-11 08:39:42.399+05:30
682p9skkifs0p5qc9jmhpmf73liqipjl	.eJyF0EFuAzEIBdC7eB0kjDHgHKJ3wDaWokppG6WLKpq71znBbFjxH1-80vDH8zP-0vWVpAwexg3wPVhMwRoPaKt0IZFaK7_3fn79_rw9dyZf0vfjNiJd08fXPdJxSc44iy0HRhNgVweL0WFmYWu5qzmdIsT7mJLAsm5bagW89AFK4V7aLqTtHJmWkXkBNt9IiQDzTNDMq-VSF891ilSKps4MOZQ2YgSdJWBVxNjfCrJyiqBp5l4Rpo4MzKrQtSvkJpMQcWCXE-Q4_gFdGXjk:1ri7fn:u8LrvHAsgSt3U-TDRyc-AS2Gu3u5kBjZw2fuoN0VPhw	2024-03-21 12:26:11.229+05:30
6bu5v14cc5pggmhhcrsahjwfvr5uf0bb	.eJyFkFFqAzEMRO_i7wi0smRbOUTvIMlaCIUkDduPEvbu3ZxgPwfmvYF5l7DX9p1_5fouzXoz4g5sMYFdCbSuR3TW2cVpSvv0fn7tvt22g1ku5fm6RZZr-Xrcs-yXYm2qGAvkrAN4aIALJjA1xEVzpMWp5FjTOppCkAkwEoJ1CTDy2t2C0v1UMpBandNgpYrA8-C9LQiKOlae2ibjqSQTG7sMWKOPzycCo4eAJeGyEHMEn0j2_R-AbGfb:1ri7d3:whPhxNq2ijVopcac83SoUMVwBDFsHuOrcf3KnIeLgvY	2024-03-21 12:23:21.922+05:30
6d66ci1scu77hye7nc5fuiybr1eahhnk	.eJx1zEEKwyAQRuG7zDoT1P7qmNuMUwOhUNpgFyV496QH6P697yDTvT_al5aDJBsSrHJbq2fUnFiSguFzk4ByT6v_de-PPvvWr8dP9No3a7RQ8HN0NCYqzRniTbmqGiOEygKADQ5Fi7iY818FcXaXMsYJIHorKw:1sMSMn:OF5jVhjKJrXfOzJB1f2hH6cz77YNvyPDnhLp2d7s1Ak	2024-07-10 18:37:17.251+05:30
6h07caiv4zebzd9ylhbgds4p0zrli3ir	eyJjYXJ0a2V5Ijp7fX0:1sGthA:NwoBA1hRoY6pO3S9iW8-24jdzLtslO5ktyC4GUYbX1U	2024-06-25 10:35:20.428+05:30
6j6qjub7bv67zprk9tu39bp3q5b0r7tf	eyJjYXJ0a2V5Ijp7IjllMGM0NTNhLWJhYWMtNDIyYi04NDQ0LWM0MDQ5YTk4MDU3NyI6eyJxdWFudGl0eSI6IjMiLCJwcmljZSI6IjQ1LjAwIn19fQ:1sMi5O:Ab3Olk0taXV5-DNDr4WGY3wWpe6tZazJYh_3awVnH8c	2024-07-11 11:24:22.892+05:30
6k00zxlk3y7qyzm17xb60jhrz80njcw5	eyJjYXJ0a2V5Ijp7fX0:1sLcqB:a3hLHlfTtCkMaFljyOx9INMK67o7t_-s7k5xFngUt0w	2024-07-08 11:36:11.788+05:30
6wwsicb3cqx8705gly6omql4p8etd63w	.eJyFzMENwyAMQNFdfI4lMCaYDNEdDDFSVCltI3qoInZPO0Hv__0Tqh79bh9YTpBEREweA6sgqxpmWh0auRpJXYm6_rrXW_e-9a_xEzyPrRoscHvsBmOCMqfkS5uxZWFkE0UJWbCZxULC7GL4MxnjAu88LFM:1s4Mui:GnjCvbXjUP1viCM7RolPnI8vs3WUfwfkJkV3WleOP7k	2024-05-21 21:09:32.505+05:30
6zo9acyi2bv6vf5h3nzmnzcj40dugp06	eyJjYXJ0a2V5Ijp7IjlmYTRmYzk0LTY4ZmYtNDI1Yi04NDg0LTFmMDdhNGVmNWM0ZiI6eyJxdWFudGl0eSI6MSwicHJpY2UiOiJOb25lIn19fQ:1s4W1E:j0ev7hVsa8jkL9xDnjIhw-v6QOcXo9GiwEiRn3zF5eg	2024-05-22 06:52:52.398+05:30
77ggdxym77tx7y99r05ljdcsykrz1zua	.eJx1zDEOwjAMQNG7eK4rJ3Fo3NvYToaqEoIqDKjK3Sns7P-_E1yPvrc3rCdkl1ItKrIURw61orEpaghqN4m1Jv12z5fe-9avJ0zwODZvsEKimQjGBNLIOSdFU72UGA0LM6MzsagUysvyV-H8U8b4AHxOK_c:1sOBbX:z8cU4XzUPtTQFGuGzlqgvhUy1MF8-1ic_my_DQ6xN7Y	2024-07-15 13:07:39.061+05:30
7itu9mg1e1o3uqvnvvlz1jejqtcsr2e4	.eJx1zEEKwyAQRuG7zDoT1P7qmNuMUwOhUNpgFyV496QH6P697yDTvT_al5aDSnOGeFOuqsYIobIAYIND0SIu5vzr3h999q1fj5_otW_WaCHE2TkaE0k2JFjltlbPqDmxJAXD5yYB5Z5W_1cJfo6XMsYJDZwrKw:1sMhtf:p2YaTfn_mZn1ueULlMZxB2Z6g7NTbDMEwxF189d5n7E	2024-07-11 11:12:15.603+05:30
7o1bl52lyus4la4joaibm3guw3cdnuzv	eyJjYXJ0a2V5Ijp7fX0:1sLdcO:F6EkBkbPIBisdtn5jrxciEeanAzT9YDRonNLwG70oXo	2024-07-08 12:26:00.535+05:30
7pmi3cxof08ls30glqzpad7zogkm9pnb	eyJvcmRlcl9pZCI6IjNjMjg0ZjhiLTVhYjYtNGYzYy05ZTYxLWQxYTI1MDY2Y2M0MCJ9:1sOA7C:J2W5ULpUbZBk9tgmST2KnQi4HSRK0q1vDvzrEwDStN8	2024-07-15 11:32:14.465+05:30
7r2kvfofpebg9xt5xr0mnjwydign2nb6	eyJjYXJ0a2V5Ijp7IjllMGM0NTNhLWJhYWMtNDIyYi04NDQ0LWM0MDQ5YTk4MDU3NyI6eyJxdWFudGl0eSI6IjMiLCJwcmljZSI6IjQ1LjAwIn19fQ:1sMfFG:nfn3elgWpVAa9Qt0-17K5kNxBN5xScaPyR329DEfT6Y	2024-07-11 08:22:22.79+05:30
80ypb5leti09qwvim1yzs5v2g2ugqkup	.eJyFz8EJwzAMheFdfI5AtmTL7hDdQbFlCIW0DemhhOxed4Lc__fBO1zVbX_Y190OpyVRjq2CFRRgHwh0zg2KpoKk1ITw370_uu7LPjZ-cq9tqeZu7v5czZ2TSw1RsjAUmwlYagTtEYGMuHMWJbZLpLKa1txh1BF4mFBmUajSsbL43nK6REI3I2QCH0MDblRAbSDcZvTJvJRwdec8fzNqVC8:1rhOJH:GOJGuosYUnthmq5Srs8Nc5aOoJZs9LT6WC5mVOyYiws	2024-03-19 11:59:55.904+05:30
84y8xbf3pfi8zpqybih991dvlpa8fdkl	eyJjYXJ0a2V5Ijp7IjVjOThkYjJhLTQ5OGMtNDFkZC1iNGJhLWExMWFiNjkyZGQzYSI6eyJxdWFudGl0eSI6MSwicHJpY2UiOiIzMC4wMCJ9fX0:1sNjS5:GKlofjWoy8Sj4ceNmGQ8D0eUyK50tVR8-rT6-09FZG8	2024-07-14 07:04:01.314+05:30
87dpk6os81edlumy0kimapr7da0z634y	.eJx1zDEOwjAMQNG7eK4rJ3Fo3NvYToaqEoIqDKjK3Sns7P-_E1yPvrc3rCdkl1ItKrIURw61orEpaghqN4m1Jv12z5fe-9avJ0zwODZvsEKimQjGBNLIOSdFU72UGA0LM6MzsagUysvyV-H8U8b4AHxOK_c:1sNYJs:lezDeiCAp9JPH4eADb76cPSBIi85sx4ucvDWq_H-CqY	2024-07-13 19:10:48.622+05:30
89muix5h8vghvxq2revfn4eyibqzzi69	eyJjYXJ0Ijp7fX0:1rgHar:jSgauxuDvEv3lZCQ5T5mqVNZMmrYi2qARaRdf9SuYts	2024-03-16 10:37:29.856+05:30
8f43i2wk47lp9ztq5fa0i6pic3z8d22d	eyJvcmRlcl9pZCI6ImVjYzljODQ5LTU1MzgtNDI4ZC04YTAxLWNlYTFlYzJlZDg5NyJ9:1sOGuY:Cgw2343eOzehidpu-NtRLJFr4-pZ9DTmtsdb58-4CXs	2024-07-15 18:47:38.164+05:30
8iyfzinkgs4m19bcfttisif7ne9y41pw	.eJx1zksKwzAMhOG7aB0F2xm_chtJdiAUShvSRSm5e1PoNvv5P-ZDJtt-62-aPxStlqZBGLUYw7fGChUW70VTDa1N8ts9X3Lf1_1s_ECPbbVOM01udI6OgWp3hjgJq8iphKBcALDBoUotLuZ8qSD-lZINCabcF_UMzYlLEpyvci8BtaXFXyrBj_FUjuML-_U_FA:1sLenL:zaPSJYeBLCi3us4ORTAHlqRi_9shWZiQ08KXjJrX8QM	2024-07-08 13:41:23.508+05:30
8qx6bu4ypa7j3tbyfwz0gznh8ws7gppj	.eJx1zksKwzAMhOG7aB0F2xm_chtJdiAUShvSRSm5e1PoNvv5P-ZDJtt-62-aPxStlqZBGLUYw7fGChUW70VTDa1N8ts9X3Lf1_1s_ECPbbVOM01udI6OgWp3hjgJq8iphKBcALDBoUotLuZ8qSD-lZINCabcF_UMzYlLEpyvci8BtaXFXyrBj_FUjuML-_U_FA:1sLjjQ:sm1t5K2qxSfwPWSHWU2UjqZt8K6cq6-0XMFaCbs7TwU	2024-07-08 18:57:40.612+05:30
8qzmu3vwz64blab95aanbys6igqo45d9	eyJjYXJ0a2V5Ijp7fX0:1s4ZAg:CQJcZX8ucipNNvmQQGLRM3rWLV6GTle34N6L3-ZjMVs	2024-05-22 10:14:50.956+05:30
8tfeu57ettesn738ri8lvdnddlvv47e9	.eJxVzMsKgzAQRuF3mbUjSfxz820mYwQplFbSRZG8u3ZV3J_zHaSyt0f90nxQrkbhJ-EiogznCicArDDIkpPxMf6690eebWvXMw302jetNBP8aAz1gVJUBGjhuhbLKDFwCgKGjTU55CWs9q64v-Ls6C-l9xMOZCsu:1sNoC3:jkq9_pM1ze2KM2IpbIyGb2eOs_KjLsCWWaQZlatZu7o	2024-07-14 12:07:47+05:30
8yzonrfrjdk3viqpe7xcr5t2pbn4yfzq	eyJjYXJ0Ijp7fX0:1rgK8k:u4HtUU9zCwkb_pq-lK4GIHHKpm1Mp_tiLB1AQds2dkw	2024-03-16 13:20:38.441+05:30
99nkvue7lyvsdguevsun3u3fg2sbwrbx	eyJjYXJ0a2V5Ijp7Ijg3YzQ2NGNiLWVmYjEtNGI3Ni04NmE0LTQxN2U4MjQ5ZDZmMSI6eyJxdWFudGl0eSI6MSwicHJpY2UiOiIyMS41MCJ9fX0:1sMrye:5DCrhKS4l3SFFSU9hOmbtZW71awYlos-g15kJkdUfws	2024-07-11 21:58:04.056+05:30
9fz7jwv1heeo8qzx1njaanrrjr804mck	.eJx1zksKwzAMhOG7aB0F2xm_chtJdiAUShvSRSm5e1PoNvv5P-ZDJtt-62-aPxStlqZBGLUYw7fGChUW70VTDa1N8ts9X3Lf1_1s_ECPbbVOM01udI6OgWp3hjgJq8iphKBcALDBoUotLuZ8qSD-lZINCabcF_UMzYlLEpyvci8BtaXFXyrBj_FUjuML-_U_FA:1s4ug6:ZGaXpu8EB4r8SYznWDhJZkttugZlMcbXbFbZqKQDjAM	2024-05-23 09:12:42.372+05:30
9l7onkn6gjjpq7b7mgyiexx9w5h37l9m	.eJx1zEEKwyAQRuG7zDoT1P7qmNuMUwOhUNpgFyV496QH6P697yDTvT_al5aDSnOGeFOuqsYIobIAYIND0SIu5vzr3h999q1fj5_otW_WaCHE2TkaE0k2JFjltlbPqDmxJAXD5yYB5Z5W_1cJfo6XMsYJDZwrKw:1sNRNM:q4CZMqiHHU-jN2U8B54574aPoKxXobc10ew-TIvF0bw	2024-07-13 11:45:56.937+05:30
a3nk8196cg4r291n1u60p9u27lg7lil5	eyJjYXJ0a2V5Ijp7IjVjOThkYjJhLTQ5OGMtNDFkZC1iNGJhLWExMWFiNjkyZGQzYSI6eyJxdWFudGl0eSI6MSwicHJpY2UiOiIzMC4wMCJ9fX0:1sMewH:QlZJPARDiubSxSbc4w1cbI-2XZtxhu_JbvHPh_LVzw8	2024-07-11 08:02:45.125+05:30
a5nm0nblgexz7ib21p2ht5osh295lr3v	eyJjYXJ0a2V5Ijp7fX0:1sMMs2:T3Pi6S6LFyrV2nauoxwsKF1YHEoFggpX-4vmfLUIH5w	2024-07-10 12:45:10.516+05:30
akwhvtz7mehqpcowda55naqt4f3voi5b	eyJjYXJ0a2V5Ijp7fX0:1sMeIA:fhS48o8meCxAO7kxE8XzPUczcW2G7ZJwPSTQkwdO7Vg	2024-07-11 07:21:18.927+05:30
amllm47nwk71ow6ux5ahkr86uclm917v	eyJjYXJ0a2V5Ijp7IjllMGM0NTNhLWJhYWMtNDIyYi04NDQ0LWM0MDQ5YTk4MDU3NyI6eyJxdWFudGl0eSI6MSwicHJpY2UiOiI0NS4wMCJ9fX0:1sNjXh:EV8IacNdeZ-AvUwp-YE-wPNiteifkjNttfVIEBEz_cs	2024-07-14 07:09:49.604+05:30
arb6806zqun0eyrlincam99t4otnvy7z	eyJjYXJ0a2V5Ijp7fX0:1sLOfn:wjdMRHDf1740yRScTYSuFH41oqyDOPEW43hC5MHooCU	2024-07-07 20:28:31.947+05:30
aslvfft3a3ya4ssp20mayg3vjqjp5sv0	.eJyFzE0Kg0AMQOG7ZG1gfmJiPETvkAkZkIJtxS5K8e61J3D_vvcFt22_xwfmL7QorFQIU2RDUg9sY29o2UmtFxar_-71tnVf9tPkAZ7b4gEz3B5rwDFAmWputTKa5AmptoJNnVB6hLXqEkkuJyw5c_IJlbwjOSuqBuNpR0kevY98MTmOH82JQMs:1s4ZE5:crWj6iOmkdiNr1hBYcJ6kDBPRmNlUxzGWGFDm-ieaYE	2024-05-22 10:18:21.731+05:30
b0gtsa5svegmef33c8tbhlqdltu8bbl1	eyJjYXJ0a2V5Ijp7IjVjOThkYjJhLTQ5OGMtNDFkZC1iNGJhLWExMWFiNjkyZGQzYSI6eyJxdWFudGl0eSI6MSwicHJpY2UiOiIzMC4wMCJ9fX0:1sQKsa:HRGc6eo0XiHLpi8YfE8oNo8Fx8D2KEyJi6zzLHWEDkk	2024-07-21 11:26:08.963+05:30
b6uas9xak8s5xh7bxfc4bm2ybt7qohfi	eyJjYXJ0Ijp7fX0:1rgHEs:t_vvrOasN_A6bGXg1nn7wcYfb4FXrNkm9mncx6aiS9w	2024-03-16 10:14:46.25+05:30
bbpzshpt6bkq72rnsuwrex6nh0f8jtqj	.eJx1zDEOwjAMQNG7eK4rJ3Fo3NvYToaqEoIqDKjK3Sns7P-_E1yPvrc3rCdkl1ItKrIURw61orEpaghqN4m1Jv12z5fe-9avJ0zwODZvsEKimQjGBNLIOSdFU72UGA0LM6MzsagUysvyV-H8U8b4AHxOK_c:1sNTTD:sx0z0q20GsMLT-0f9IJyMIvt6l8Hqe7qjDfXF3ohqGI	2024-07-13 14:00:07.012+05:30
bofz7d9nz9ryhk8vx8ozv0wrjkazy7wg	eyJjYXJ0a2V5Ijp7fX0:1sMfVr:3xyMR51ieudUlGPlHMp3QdpNNdBQ-Ub4fk4DVXvoN4k	2024-07-11 08:39:31.745+05:30
bz8aylrqqhrdit7pftvheiad1jy0i8yx	eyJjYXJ0Ijp7fX0:1rgHH5:dmvfL9c46NqrQQu33wVIz2b_mMZraYfE2cV007rVqvg	2024-03-16 10:17:03.616+05:30
c4p4yki3d5rairs2svbi6vmtscr9wb77	.eJxVzMsKgzAQRuF3mbUjSfxz820mYwQplFbSRZG8u3ZV3J_zHaSyt0f90nxQrkbhJ-EiogznCicArDDIkpPxMf6690eebWvXYwd67ZtWmgl-NIb6QCkqArRwXYtllBg4BQHDxpoc8hJWe1door_j7Ogvp_cTXqMrcQ:1sMhf3:ur9SkYxpOiKjClu10sa2XSMBpg4d4zE6GnjvOX7emoI	2024-07-11 10:57:09.625+05:30
c947ju02tpx357k8ch25wo7qfassq0dm	eyJvcmRlcl9pZCI6IjYzMTBiOTU5LTQwNTQtNDk0YS1hYzY0LTg0NzhhYmNkMDJhNCJ9:1sNsfW:rxC3_sdoKR1POK7G2fY1zr2l02ZIatxZSNt_crVla60	2024-07-14 16:54:30.437+05:30
cbpwa2qp6pec0c7yir6ujallnustnhvx	.eJx1zssKwkAMheF3ybopc8nc-jZJZgpFEC11IWXe3REEceH-_B_nBOX9uLQnLCcELbmKY6SSFcnWikLCyNayxOJq9fze3R98PbZjNG6C275pgwW8mY2BPkFpRil4RmEeinOCmYhQyVDhkk1I6a9C4aPkpBRJBdsqFklSxByZxqvUsqNS42p_Ff9VnJ3DUHp_Af0XPxg:1sNYhD:7irWom1-kK8wDZDEq8b08hTzNmKem9eoR-uWEkkVLd4	2024-07-13 19:34:55.7+05:30
cdryioovigibv9phfpb5l119heuqt8p5	eyJvcmRlcl9pZCI6ImYxMzZiNjVlLWI2MGMtNGE3MS1hODZmLTg2ODFmYzk5OGZhYSIsImNhcnRrZXkiOnt9fQ:1sMOqc:BQij7SJEmGZAr7eR2InETWbsyR9cseurgRjXlEGq4DQ	2024-07-10 14:51:50.311+05:30
chytyevnf7x8j0uchicd3y8u8vpq7f7d	.eJx1zEsOgzAMRdG9eIxRHF5-3Y2dBAlVqlpEB1XF3kuZM7_3fKnqut37h25fyqkiohr32YRhKXKOCoaknj1Ki7P8u9dbH9uyHY8M9FyX2ulGXsbgaB-odFcRJmVTrQzvjTMArnAoWrILKV0qCKM7lVBLbuaVUfKhSGtsMGUVUYvFtzbppTK5U9n3H4xlPxQ:1sMRys:AfFhPvXkuFDywoRbqqfcCdCEVkZRknGviSEnWCG_m3M	2024-07-10 18:12:34.19+05:30
ckt0xji82wd38qa2qkav8r1r1slvh8fo	eyJjYXJ0a2V5Ijp7fX0:1sMMzG:r7xvByW6VItBNVw0Wt_rVvgeFVUclHVOdWxWJ2P4PYc	2024-07-10 12:52:38.23+05:30
cocmknti3n3tt2tasdrnx1ah0fi1fmlo	.eJyF0E1qAzEMBeC7eB2BrR-PnUP0DpIsQyikbZguSpi713OC2Yqnxye9k-tr_4y_dH-nhlZrlwruQsB5K6DVEHz2YY6GHeXM_fzqc3_sa6fc0vfr4ZHu6ePrGem4Jao4YxsOSlmAHRmssACtoQXNXDguS4IyVyoTtuYMXETBeDaYxQarVct8LVncMVEKhLQOzEvSqmzQx-ZRZ6fK_focylMNG3ihUxLrJz4MhBCHelez7bJEVUY4ImjYKZm-ENIgR6bhSCZDL0qO4x_0Enyt:1s4E7x:UpTVJJ2F8bw5RA5s8YQ52ox9eJQKph1YQTh-t5nFBLE	2024-05-21 11:46:37.957+05:30
cq60oii2wo7rpzuydg5etaae4d5arsri	.eJx1zDEOwjAMQNG7eK4rJ3Fo3NvYToaqEoIqDKjK3Sns7P-_E1yPvrc3rCdkl1ItKrIURw61orEpaghqN4m1Jv12z5fe-9avJ0zwODZvsEKimQjGBNLIOSdFU72UGA0LM6MzsagUysvyV-H8U8b4AHxOK_c:1sNSRv:VTDFo40gH8StLoRha08GaTSjd7Oq-Rn-Bo2ixxmNyDU	2024-07-13 12:54:43.478+05:30
ct2twi508rxldf8l31k3wt175ayk5l8z	eyJjYXJ0a2V5Ijp7IjllMGM0NTNhLWJhYWMtNDIyYi04NDQ0LWM0MDQ5YTk4MDU3NyI6eyJxdWFudGl0eSI6MSwicHJpY2UiOiI0NS4wMCJ9fX0:1sNpAF:AGg-vtnG0HVtgIMEFOrMi5rhxzxffpq0Z-zTFeRjS3g	2024-07-14 13:09:59.891+05:30
cwmpel807l1kk0f5u2k70yjr23roop5t	eyJjYXJ0a2V5Ijp7IjVjOThkYjJhLTQ5OGMtNDFkZC1iNGJhLWExMWFiNjkyZGQzYSI6eyJxdWFudGl0eSI6MSwicHJpY2UiOiIzMC4wMCJ9fX0:1sOGEb:KZUi-MmenYjRLWiknjBJsN5rch7Am0Rfje8N3Cdd1OI	2024-07-15 18:04:17.674+05:30
d1kywcntfpfmc7kge8oql3z6nsci6jjn	eyJjYXJ0a2V5Ijp7IjllMGM0NTNhLWJhYWMtNDIyYi04NDQ0LWM0MDQ5YTk4MDU3NyI6eyJxdWFudGl0eSI6MSwicHJpY2UiOiI0NS4wMCJ9fX0:1sNoe2:oZv4hIQ81o5Ay4Bw9l0tym3YYrHBgPlMT8E6QDpqanw	2024-07-14 12:36:42.689+05:30
d1n2ietxdciqxgit1hpwjs56vo1dj70s	.eJx1zUsOwyAMRdG9eBxXBkzA2UxkA4OoUj8oHVRR9l7aeefvnnfAvdfW163CArO4KKYBfXOE3JJHteDRUZqlETUqBhMU7fu1vWE5IBbJ1bwiSy7IrlY0NkV1Tm0WX2vQ7-750tu-7aNxEzz6Vtq4C3QhgnOCYReOQdFUh-K9YWZmLEwsKpliSn8Vjj_lPD_Q3zkt:1sQKqE:nOR5rH2lvrAFCrF4PIQVoAaRCyU2G7sNOzz6zobPGUk	2024-07-21 11:23:42.893+05:30
d26dm2ch80r4pq9ay83r1nu27rvwwulw	eyJvcmRlcl9pZCI6ImY0Zjk1MDU2LTRiZGItNGY0OC1iOTU0LTk2YTRiNjRiNjhiOSJ9:1sNu5W:tCmZRnM6fKAZFTXdRCcTijC7yMVz9e4LD_Ji5HKbkw4	2024-07-14 18:25:26.433+05:30
d4oj19l4590lf1mxp4fhfw4v7wvgja8a	eyJvcmRlcl9pZCI6IjM1MmJkMzY1LWE4YWItNGE5Zi04YjYxLWIwODFhOWNkMTM0MCIsImNhcnRrZXkiOnt9fQ:1sGYow:TfaTUkVSaHKabAqFXK6pfskXM_Yk6wMJVVT2tPAZ_is	2024-06-24 12:17:58.21+05:30
d74t8gip61c1tf9g2kfg85ukf5ibayey	.eJx1zDEOwjAMQNG7eK4rJ3Fo3NvYToaqEoIqDKjK3Sns7P-_E1yPvrc3rCdkl1ItKrIURw61orEpaghqN4m1Jv12z5fe-9avJ0zwODZvsEKimQjGBNLIOSdFU72UGA0LM6MzsagUysvyV-H8U8b4AHxOK_c:1sNXhh:VK3vnvyvbwjDhO9PfwRa6qbQNbsPve_hNSQF9znfrkk	2024-07-13 18:31:21.418+05:30
d9cum2yajtron79otgptsyigiti0dn4s	eyJjYXJ0Ijp7fX0:1rgKBd:gth3-TQstkF1V50_Xhl3lCkXgxbio_Bcn8lwIScCdpQ	2024-03-16 13:23:37.088+05:30
dd4kr8m2m0dcacy4ykpqdoj17yjtnk2i	.eJx1zksKwzAMhOG7aB0F2xm_chtJdiAUShvSRSm5e1PoNvv5P-ZDJtt-62-aPxStlqZBGLUYw7fGChUW70VTDa1N8ts9X3Lf1_1s_ECPbbVOM01udI6OgWp3hjgJq8iphKBcALDBoUotLuZ8qSD-lZINCabcF_UMzYlLEpyvci8BtaXFXyrBj_FUjuML-_U_FA:1sLeLe:_IWO1IA6mO5ohtcCxeOvzvaVuGd2VrNSurVkElgYXtw	2024-07-08 13:12:46.504+05:30
dh7ez04m3ghd00eihyp2amf8uidpawqx	eyJjYXJ0a2V5Ijp7IjllMGM0NTNhLWJhYWMtNDIyYi04NDQ0LWM0MDQ5YTk4MDU3NyI6eyJxdWFudGl0eSI6MSwicHJpY2UiOiI0NS4wMCJ9fX0:1sNosL:cebqjBz0fPwqjzmENaPtayXhVetC5PrQ6cLRfxZ4w54	2024-07-14 12:51:29.618+05:30
dpe3r449s8pvkd2xkdym5eh2ci2dmx6n	eyJjYXJ0a2V5Ijp7fX0:1sMVp9:cMbfyVIP7V21Q91N4F2go_czdCEeqlTluA3ELLlrbYA	2024-07-10 22:18:47.036+05:30
dsjdsvy45iuhbinv7vah8qugpi4cbybw	eyJjYXJ0a2V5Ijp7IjVjOThkYjJhLTQ5OGMtNDFkZC1iNGJhLWExMWFiNjkyZGQzYSI6eyJxdWFudGl0eSI6MSwicHJpY2UiOiIzMC4wMCJ9fX0:1sLelY:tulkKqwkve2cdI65hYV1ceKVJHoubJnaq0Lmtd2eEnI	2024-07-08 13:39:32.699+05:30
dv2q3qe65kwzq0ysswzu41qoueabky4g	eyJvcmRlcl9pZCI6IjgxODM0ZDE0LTdiMjItNDY3YS05YmRhLThjOTdiNmU4YTY0YyJ9:1sOXze:MW3soNM4-1pDxnXNgBTXS3fA5P-_fuwP1taMK6LJKeg	2024-07-16 13:02:02.7+05:30
eawlxld7ucoqkz5hnhhquzj4uhwcc5ay	eyJjYXJ0a2V5Ijp7fX0:1sMqZt:zud2lUZ7J6b3ZFWgz_cO6RK5M7LrVLlJEq5k_-YJiuY	2024-07-11 20:28:25.595+05:30
ennr7fsjq4kwrt415ycbkjfwqo1en3mw	.eJx1zDEOwjAMQNG7eK4rJ3Fo3NvYToaqEoIqDKjK3Sns7P-_E1yPvrc3rCdkl1ItKrIURw61orEpaghqN4m1Jv12z5fe-9avJ0zwODZvsEKimQjGBNLIOSdFU72UGA0LM6MzsagUysvyV-H8U8b4AHxOK_c:1sMedx:RAFHu6xvxan4LR16tXiyk-9UR60GOPj6bqWvayKMIA0	2024-07-11 07:43:49.516+05:30
enzbk1cmma1e6lqd5di2ek3dipndrf02	eyJjYXJ0a2V5Ijp7fX0:1sBbmN:ZiOk38unMSD15ZftPec_0Xr_Piiu3fnEgjgGAzEnDyI	2024-06-10 20:26:51.619+05:30
eom59s87veh6a7qnid0w8rcd1q2q1eje	.eJxVzDEOwjAMQNG7eK6Rkzg07m1sJ0OFhKAKA6py9xYWxP7_28F167f2hmWH7FKqRUWW4sihVjQ2RQ1B7Sqx1qSf7vnSe1_7-YQJHtvqDRZIdCGCMYE0cs5J0VRPJUbDwszoTCwqhfI8_yuQ4Odw_jpjHM7rLD0:1sNS1g:l5bjSJCZ5E3Z6-xyaUZhrR4GYXtV1guRJS9j19VuG_k	2024-07-13 12:27:36.601+05:30
f3btdsn3wz9xs139vaqlkkxngu03xs0h	.eJx1zDEOwjAMQNG7eK4rJ3Fo3NvYToaqEoIqDKjK3Sns7P-_E1yPvrc3rCdkl1ItKrIURw61orEpaghqN4m1Jv12z5fe-9avJ0zwODZvsEKimQjGBNLIOSdFU72UGA0LM6MzsagUysvyV-H8U8b4AHxOK_c:1sNRvG:Y7zkwdj8OCIbLly2-tTy78jz8yZBAchI_9lTFJaeB_E	2024-07-13 12:20:58.467+05:30
f4gns9skli28u4lrrh7vx2ccsbnlncb8	.eJx9jEEOwyAMBP_icxwBXcD0N8YlUlSpaiN6qCL-nuQDvc1hZnYy3fqz_ei-k2RDglVuS_WMmhNLUjB8bhJQHmnxl_f56quv_Wwo0ETvbbV2sZ-jozFRac4Qb8pV1RghVBYAbHAoWsTFnP98EGd3fsY4ALAUK7U:1sMhZO:XuvlRZTj7cfFEwcICN6nB3h0IuEzgETEm-CzlyPcawI	2024-07-11 10:51:18.365+05:30
f6nd3vdpde6c97f6s6cw5pvy1vskf2u9	eyJjYXJ0a2V5Ijp7fX0:1sMefN:cjqMGzOc7hoU8J7Tu-cF65k6IvD9rqo9ukHBiVR9AOg	2024-07-11 07:45:17.318+05:30
f7qvrrd2lndl85nl23ey50y1tnemff3i	.eJx1zEEKwyAQRuG7zDoT1P7qmNuMUwOhUNpgFyV496QH6P697yDTvT_al5aDSnOGeFOuqsYIobIAYIND0SIu5vzr3h999q1fj5_otW_WaCHE2TkaE0k2JFjltlbPqDmxJAXD5yYB5Z5W_1cJfo6XMsYJDZwrKw:1sNppq:Zhn5-fdolU_gpp_HWccOjZ7F20hva9BHhTu7xH8TI1g	2024-07-14 13:52:58.076+05:30
fausx8rz1vwav0kdzvykz2mb2cayd0n5	eyJjYXJ0a2V5Ijp7IjVjOThkYjJhLTQ5OGMtNDFkZC1iNGJhLWExMWFiNjkyZGQzYSI6eyJxdWFudGl0eSI6MywicHJpY2UiOiIzMC4wMCJ9fX0:1sNYfp:xIyPWGa4IHXErB_Ai26Btn5C9djrjGODhaePyOsAqgM	2024-07-13 19:33:29.779+05:30
fesw8krastthdnbvcwekapssuincygeb	.eJyFz1FqBDEIBuC75HmFidEk7iF6B40GlsK2XaYPZZm7b7YXmBdR8P_QZxr62NP1eVz-u8_4W0MKnlSHVchWBCiigyLJKnUT7z478Xvv51fv-21fmXxJ34_biHRNH1_3SMurFOwkCL2rAmkxMGMEKtQRsxPjPEWcXFyUwKQQUGsNpFoGVENc_MbZTpEoXLFNBDHH9yUL4YEwV3oWtN5Qzt9BHxobQhvkQCwNrBWErbYoNqaPSSfIcbwAwlNq1g:1ri7dy:UziF__DAeJMqOnXo0bBp2TL2m1KM1oNUdqVKvzEtl90	2024-03-21 12:24:18.107+05:30
fi4u5r0ntd64pon77wg9g0a6pi3tq5ot	.eJx1zksKwzAMhOG7aB0F2xm_chtJdiAUShvSRSm5e1PoNvv5P-ZDJtt-62-aPxStlqZBGLUYw7fGChUW70VTDa1N8ts9X3Lf1_1s_ECPbbVOM01udI6OgWp3hjgJq8iphKBcALDBoUotLuZ8qSD-lZINCabcF_UMzYlLEpyvci8BtaXFXyrBj_FUjuML-_U_FA:1s4xxX:CI-N9swyXnNczdjwbIFAaqza4CSvr1awtFNyKq0MJU8	2024-05-23 12:42:55.881+05:30
fkel1dmbk0a41iaubvpj2v11x0e9aze5	.eJx1zksKwzAMhOG7aB0F2xm_chtJdiAUShvSRSm5e1PoNvv5P-ZDJtt-62-aPxStlqZBGLUYw7fGChUW70VTDa1N8ts9X3Lf1_1s_ECPbbVOM01udI6OgWp3hjgJq8iphKBcALDBoUotLuZ8qSD-lZINCabcF_UMzYlLEpyvci8BtaXFXyrBj_FUjuML-_U_FA:1sLemt:9ayjCY7bNtaOtnrkXJckUiqgGYhQbFMGsSn-O0PfrZY	2024-07-08 13:40:55.045+05:30
fqlrf3trl00rb4xz7efoi8263cugxwx6	eyJjYXJ0a2V5Ijp7fX0:1s4a1Q:jWDDvsp22xdSrEOb0TtzW1rI-IJmACjI_jiGYu-1eXQ	2024-05-22 11:09:20.919+05:30
ftd1vpydgzp9phzx38p4mg1vzdyjlfwz	eyJjYXJ0a2V5Ijp7Ijg3YzQ2NGNiLWVmYjEtNGI3Ni04NmE0LTQxN2U4MjQ5ZDZmMSI6eyJxdWFudGl0eSI6IjMiLCJwcmljZSI6IjIxLjUwIn19fQ:1sMfr9:Rtpo7X3ghSDHXW_G9bnPI4tx0YGmSPwnUI7K8a8m-u4	2024-07-11 09:01:31.458+05:30
g0jq62onl5pgboiznypzkzanbnj4jutj	.eJx1zDEOwjAMQNG7eK4rJ3Fo3NvYToaqEoIqDKjK3Sns7P-_E1yPvrc3rCdkl1ItKrIURw61orEpaghqN4m1Jv12z5fe-9avJ0zwODZvsEKimQjGBNLIOSdFU72UGA0LM6MzsagUysvyV-H8U8b4AHxOK_c:1sMeZc:EYGVg7QPSr96uQ2zbP2K39AbasbjAVlPZC27bFG0Gyw	2024-07-11 07:39:20.419+05:30
g74rg758rxibff8bg6wckp8rwj2oumla	eyJjYXJ0a2V5Ijp7IjVjOThkYjJhLTQ5OGMtNDFkZC1iNGJhLWExMWFiNjkyZGQzYSI6eyJxdWFudGl0eSI6MSwicHJpY2UiOiIzMC4wMCJ9fX0:1sOGZM:9U35fGsQMo2i748Y8-bLlsHmG8p5m1mjSZeECqdh5ik	2024-07-15 18:25:44.123+05:30
g7wqw9i13bo1zcdokn4bqavzhxekh62i	eyJjYXJ0a2V5Ijp7fX0:1sOCUs:5fMlAKNMDq1B_jukd0eHpIj89BdIGQh_bY8M8sYlNGc	2024-07-15 14:04:50.795+05:30
g8zbzka02esp6oxcmxxg1yux1575g42i	eyJjYXJ0a2V5Ijp7fX0:1sMevG:yoBQ419NV_lGpcSrJohXypAddOiL8PMtmRyViiupGrY	2024-07-11 08:01:42.488+05:30
g9m71cqxci5fhkqfqk031s3korp0zxjj	eyJjYXJ0a2V5Ijp7fX0:1sKXKc:svr5HtUYMUHGD6ZNM-j7VxwIb93xEswsQaGJC1zNmOc	2024-07-05 11:31:06.399+05:30
geyufg16pgjizk13xq7itlehv3509oqz	.eJx1zDEOwjAMQNG7eK4rJ3Fo3NvYToaqEoIqDKjK3Sns7P-_E1yPvrc3rCdkl1ItKrIURw61orEpaghqN4m1Jv12z5fe-9avJ0zwODZvsEKimQjGBNLIOSdFU72UGA0LM6MzsagUysvyV-H8U8b4AHxOK_c:1sMLmz:oenyERsrC6ELwVOKHfyoPGAeGHNf30632iGw9WXBQbE	2024-07-10 11:35:53.236+05:30
ggfxqv33h9zwm3hc9wk4t6ghzjw79fi3	eyJjYXJ0a2V5Ijp7IjllMGM0NTNhLWJhYWMtNDIyYi04NDQ0LWM0MDQ5YTk4MDU3NyI6eyJxdWFudGl0eSI6MSwicHJpY2UiOiI0NS4wMCJ9fX0:1sNjZ8:HRpuf9TADwYgjzubcJnGdHrNoQ0TtDrBqYE8SkiiRQg	2024-07-14 07:11:18.849+05:30
ggrlx2qp1v6e7hnbvxkgkjlw32u0uiiw	eyJjYXJ0a2V5Ijp7fX0:1s8juQ:OG7jzJQ3Ny_aiOxp8M9lRVhuWlj-CxiLs9fVFIYT_Ms	2024-06-02 22:31:18.826+05:30
gh5j3fpun21ml7zsklipqcojtvlic4xp	.eJx1zDEOwjAMQNG7eK4rJ3Fo3NvYToaqEoIqDKjK3Sns7P-_E1yPvrc3rCdkl1ItKrIURw61orEpaghqN4m1Jv12z5fe-9avJ0zwODZvsEKimQjGBNLIOSdFU72UGA0LM6MzsagUysvyV-H8U8b4AHxOK_c:1sLdc3:zoZWR4YjegmlErb3c94UXyE-YQgY99ybvwnL1zNFW7A	2024-07-08 12:25:39.569+05:30
gvbfcz7qv6wcfu707olxff1gsko3cwq4	.eJx1zEEKwyAQRuG7zDoT1P7qmNuMUwOhUNpgFyV496QH6P697yDTvT_al5aDSnOGeFOuqsYIobIAYIND0SIu5vzr3h999q1fj5_otW_WaCHE2TkaE0k2JFjltlbPqDmxJAXD5yYB5Z5W_1cJfo6XMsYJDZwrKw:1sNqbP:m9GJYI4ODRS9uCLBjXW7z1B9DVQd90SrreC5-a78jYs	2024-07-14 14:42:07.583+05:30
h29j7zcoacn2oq9wrntebuxni2u0qexi	.eJxdzDsKwzAQhOG7bO01kjx65TartQzGEBKjFMHo7lG6kG6Kf76LVM521DfdLsrVKPwiXESU4VzhBIAVBllyMj7Gb_d8yb3tbXzI0USPc9c6NvxsDPWJUlQEaOG6FcsoMXAKAoaNNTnkNWz2z1l-HGdnP5zeP5zBK7Y:1sNTS6:DkLrZB1ItR51YVBa2IkRUjMDTCoAskdp8n2asZQ8Fuk	2024-07-13 13:58:58.911+05:30
h4p8mt6b80sfxcq46fa4r2l8j9xqg031	eyJjYXJ0Ijp7fX0:1rgJZ9:-i6AHRlIEMa25ZcDxEbu9zonv6VV5GMbocLmDfDlfOk	2024-03-16 12:43:51.444+05:30
hq17b51ab7kpa2ni3lgtmdecafpausst	.eJxVzDEOwjAMQNG7eK6Rkzg07m1sJ0OFhKAKA6py9xYWxP7_28F167f2hmWH7FKqRUWW4sihVjQ2RQ1B7Sqx1qSf7vnSe1_7-YQJHtvqDRZIdCGCMYE0cs5J0VRPJUbDwszoTCwqhfI8_yuQ4Odw_jpjHM7rLD0:1sMeSp:aUVyP-Xp6FFa_yWElDj2nj0zbKXaClN8RQeUm0z-Wx0	2024-07-11 07:32:19.38+05:30
hqhchfaxu11jfspu4t5xzqn6bhrbtrcd	eyJjYXJ0a2V5Ijp7IjllMGM0NTNhLWJhYWMtNDIyYi04NDQ0LWM0MDQ5YTk4MDU3NyI6eyJxdWFudGl0eSI6MSwicHJpY2UiOiI0NS4wMCJ9fX0:1sMqeX:n2tUaBYqWb_UAkaUdJLhqysfvafJUVTVRTaU_0B0NF4	2024-07-11 20:33:13.534+05:30
huxmfzxb29fdimcmw7s4pcskuq51r9n0	.eJyFzMENwyAMQNFdfI4lgwmYDNEdbAJSFCltI3qoInZvO0Hv__0Lip59r29YLhBttkbOKJIqhuQDak6EkXx0ToU951_3fOnRt_41boLHuZUKC9zuR4UxwcypsRqjZRUMvhka1YRlJimk5Ij-Tcb4AMmGK-s:1s4Mw8:moXDDMFqNTk-LvPiPexkt0FGFjKR6Xo4mxcF16JTTlo	2024-05-21 21:11:00.105+05:30
hzq015ahfbfl8hz6zsjj3nr8mpybxgwt	.eJx1zDEOwjAMQNG7eK4rJ3Fo3NvYToaqEoIqDKjK3Sns7P-_E1yPvrc3rCdkl1ItKrIURw61orEpaghqN4m1Jv12z5fe-9avJ0zwODZvsEKimQjGBNLIOSdFU72UGA0LM6MzsagUysvyV-H8U8b4AHxOK_c:1sMLyd:Sf1EEL4MXPuDS4VQK3XyBMu94GaJnEc_mmhl6wZDQgY	2024-07-10 11:47:55.002+05:30
ifxlex3a8birshhexg1asvworqh2fh5v	eyJjYXJ0a2V5Ijp7IjllMGM0NTNhLWJhYWMtNDIyYi04NDQ0LWM0MDQ5YTk4MDU3NyI6eyJxdWFudGl0eSI6MSwicHJpY2UiOiI0NS4wMCJ9fX0:1sNsP8:-KJLaXPlMptqiolh_lXQM5-4hhsq97YUu4o9AnJyb78	2024-07-14 16:37:34.186+05:30
ig87hj2o43na2p77u2yhz8n48ig895dj	.eJx1zDEOwjAMQNG7eK4rJ3Fo3NvYToaqEoIqDKjK3Sns7P-_E1yPvrc3rCdkl1ItKrIURw61orEpaghqN4m1Jv12z5fe-9avJ0zwODZvsEKimQjGBNLIOSdFU72UGA0LM6MzsagUysvyV-H8U8b4AHxOK_c:1s8Yh8:OIeS9C-i192BIYYiuuCKCWxAsGzMhfqo-3T-05Oqof4	2024-06-02 10:32:50.834+05:30
ihobtq76rqt98wyto5v22axl4mabphgr	eyJvcmRlcl9pZCI6ImVhNWU0YzA0LWQxZDMtNDNhOS04M2E0LWIyYWQzYmNmNjMxYiJ9:1sOY1K:7nXqi_68aNU5PAOfAv_SjhGF4FdUKAYO5qzg2bUmjwI	2024-07-16 13:03:46.516+05:30
il3zdgplg08n58yrc2dgcsg3463e5hi4	eyJjYXJ0a2V5Ijp7fX0:1sMOWv:lKV--e7Xy_LoBbo1yVDYTUCNufaR_vN4Mwy0UtdWo4M	2024-07-10 14:31:29.421+05:30
ilm67qd3h4h10gu6jrzvdkr53is8567z	eyJjYXJ0a2V5Ijp7fX0:1sLOl0:i-ECcB2p0T0t1bJ-2XaIksqz2HwbHcYO-X14MZG_eKw	2024-07-07 20:33:54.341+05:30
ilr525xjcxn1rlehqr548clrm7bleuxl	.eJx1zksKwzAMhOG7aB0F2xm_chtJdiAUShvSRSm5e1PoNvv5P-ZDJtt-62-aPxStlqZBGLUYw7fGChUW70VTDa1N8ts9X3Lf1_1s_ECPbbVOM01udI6OgWp3hjgJq8iphKBcALDBoUotLuZ8qSD-lZINCabcF_UMzYlLEpyvci8BtaXFXyrBj_FUjuML-_U_FA:1s4xcB:TsNr3ySVGe7gGY_ecvCVW4Cir6xCFNauFYOKFfGyOz8	2024-05-23 12:20:51.436+05:30
ino5ibomg3ow7guv2275beaez50w2p2m	.eJx1zEEKwyAQRuG7zDoT1P7qmNuMUwOhUNpgFyV496QH6P697yDTvT_al5aDSnOGeFOuqsYIobIAYIND0SIu5vzr3h999q1fj5_otW_WaCHE2TkaE0k2JFjltlbPqDmxJAXD5yYB5Z5W_1cJfo6XMsYJDZwrKw:1sNRE7:HfCXquLEVMp6swW7rujp9DBtPM329YUD98Xk2GChSTY	2024-07-13 11:36:23.05+05:30
iol0osx7g6b9jne0dkar4hicn0gmnzsl	.eJx1zksKwzAMhOG7aB0F2xm_chtJdiAUShvSRSm5e1PoNvv5P-ZDJtt-62-aPxStlqZBGLUYw7fGChUW70VTDa1N8ts9X3Lf1_1s_ECPbbVOM01udI6OgWp3hjgJq8iphKBcALDBoUotLuZ8qSD-lZINCabcF_UMzYlLEpyvci8BtaXFXyrBj_FUjuML-_U_FA:1sAsMN:t9OFR2r26iZlKDH954FZ3UER-E6ykypmE-5Ru8XLcPE	2024-06-08 19:56:59.456+05:30
isl900rre4i6n1yrhmojntvof6buo0it	eyJjYXJ0a2V5Ijp7Ijg3YzQ2NGNiLWVmYjEtNGI3Ni04NmE0LTQxN2U4MjQ5ZDZmMSI6eyJxdWFudGl0eSI6MSwicHJpY2UiOiIyMS41MCJ9fX0:1sMiGC:ruMzyVWOQyk3dqRhf0WSum61hmbBaOmAuU6rndIQgJ8	2024-07-11 11:35:32.649+05:30
ismawdfkh4716y8t0w5vsmaufxw0yfwl	.eJxVzDEOwjAMQNG7eK6Rkzg07m1sJ0OFhKAKA6py9xYWxP7_28F167f2hmWH7FKqRUWW4sihVjQ2RQ1B7Sqx1qSf7vnSe1_7-YQJHtvqDRZIdCGCMYE0cs5J0VRPJUbDwszoTCwqhfI8_ysQ4edw_jpjHM7WLDw:1sMeVj:mQf_t8vhueF1wXvymRgQJph8LGdCa1Xe6GanqKPcdY0	2024-07-11 07:35:19.586+05:30
iubmufi2mbv709ms8f6qv72mue65fgki	eyJjYXJ0Ijp7fX0:1rgKj0:VWmUYxthgFsh338yK-vJBi4_0zlUpRdqBETUgkERSP0	2024-03-16 13:58:06+05:30
iut0y76eioe6vr2vgdpprh8dtrxubilm	eyJjYXJ0a2V5Ijp7fX0:1sMRr7:oATBE5qCOWro7-aeXbCIbwclFIOq67yPG-LcZcOqYVU	2024-07-10 18:04:33.033+05:30
ivye0cx6g5p3ahxotoe7noihp57rma6w	.eJx1zDEOwjAMQNG7eK4rJ3Fo3NvYToaqEoIqDKjK3Sns7P-_E1yPvrc3rCdkl1ItKrIURw61orEpaghqN4m1Jv12z5fe-9avJ0zwODZvsEKimQjGBNLIOSdFU72UGA0LM6MzsagUysvyV-H8U8b4AHxOK_c:1sNRFk:rdLmCsPjsTdDWHw2Npc2Tu7AK5szjS9c2uX6mcfypso	2024-07-13 11:38:04.595+05:30
ixqdg7e1d037ec9xkjtveglap4d723bx	.eJxVjMsOwiAQRf-FtSHDU3Dpvt9ABhikaiAp7cr479qkC93ec859sYDbWsM2aAlzZhcm2Ol3i5ge1HaQ79hunafe1mWOfFf4QQefeqbn9XD_DiqO-q0NFO-IgGKRKGyJJH3Symc01iWMRXuAsxTKA2aFRgspUXslNVgndGLvD_DAN2A:1rHxyi:FCrb3mw1rzTgznthrItnU3EzmF0WgXMf8T-tjOJQwr0	2024-01-09 08:49:36.196+05:30
izj3yinz1h96jz6xlcw3n6gn92odz8wf	eyJjYXJ0a2V5Ijp7fX0:1sBpxB:C8rs9MU45hzXfsDlMAcVRCEF1_nP7DkEAho8JeB-uaU	2024-06-11 11:34:57.525+05:30
j0ky11v0jjjjk3iho4h3xhshzwd7mg9g	eyJjYXJ0Ijp7fX0:1rgNZw:h63_TLyhJ2OVp4eMhEZBZNIS27WMYLjQOfHV9E0Ho54	2024-03-16 17:00:56.608+05:30
j2in6lyrf93slb37ejwu39abde9zamq5	.eJx1zDEOwjAMQNG7eK4rJ3Fo3NvYToaqEoIqDKjK3Sns7P-_E1yPvrc3rCdkl1ItKrIURw61orEpaghqN4m1Jv12z5fe-9avJ0zwODZvsEKimQjGBNLIOSdFU72UGA0LM6MzsagUysvyV-H8U8b4AHxOK_c:1sNXxj:4GKHQ3KNNBU7TeP2f90gP_EY0cTAQsZ2aXO09aMvYnY	2024-07-13 18:47:55.394+05:30
j6ie8ljz19fyvf7jdhpyswvwlwjll01d	.eJyFjMENwjAMAHfxu5ZiUtsJQ7CDmzhShVSgCg9UZXfKBHxPd3dAsb3f_QPXA5pLrhQVvZrjTKxoTQlFYm2FY1iS_7zX27a-9rOhCZ77Wk4Kt8fmMCaIEki0MQop48zlgklzxhDbQq7BpKQ_kzG-JeMsaQ:1s4Mx1:QGK3Oulx2UOVK7AgnuK4jkfZHXXlyTKs-wgWTV3zfS8	2024-05-21 21:11:55.395+05:30
j732cacl93ahcmz4iqecwx0tifoni5ic	eyJjYXJ0a2V5Ijp7Ijg3YzQ2NGNiLWVmYjEtNGI3Ni04NmE0LTQxN2U4MjQ5ZDZmMSI6eyJxdWFudGl0eSI6MSwicHJpY2UiOiIyMS41MCJ9fX0:1sMiAC:Ae7Eptc_yArIAS-WPNiJaLKNSrRTlytHtGkKMQnbLqY	2024-07-11 11:29:20.397+05:30
jic75ikegij32sx5e5ax04r2ggyy5dxp	.eJxVzDEOwjAMQNG7eK6Rkzg07m1sJ0OFhKAKA6py9xYWxP7_28F167f2hmWH7FKqRUWW4sihVjQ2RQ1B7Sqx1qSf7vnSe1_7-cQJHtvqDRZIdCGCMYE0cs5J0VRPJUbDwszoTCwqhfI8_yvpp3D-KmMcfNAr-g:1sNoDs:K1bj7MUEHljbyYrrQwHQGlrqq04H2Pj_4qwNKO0B6ts	2024-07-14 12:09:40.499+05:30
jsxr0v8aipyflb46ttqgw9renm8ez2le	eyJjYXJ0Ijp7fX0:1rgHzz:IuOE0h62qlkB8zVXxaRh3M_Xv9QSvhkXtq3uLpuZIv8	2024-03-16 11:03:27.988+05:30
k6o88a4t8u1mdvs0una9lk707ltrc2in	eyJvcmRlcl9pZCI6ImZlOGYwYzQyLWY0NjItNGZjOS05ZDg1LWY5NWMzZDIxNGVjMiJ9:1sNsir:q2hPNHQUDGWHr47bs6zExJGJ2bR3h5kt4I5hg0Akytk	2024-07-14 16:57:57.234+05:30
k6z12s0iheruj3dzhaxgpabeoabzwapt	.eJx1zDEOwjAMQNG7eK4rJ3Fo3NvYToaqEoIqDKjK3Sns7P-_E1yPvrc3rCdkl1ItKrIURw61orEpaghqN4m1Jv12z5fe-9avJ0zwODZvsEKimQjGBNLIOSdFU72UGA0LM6MzsagUysvyV-H8U8b4AHxOK_c:1sNSZd:xLor_ThKrum6GXPPiPi4vcz2WHTQWohhHILK-SoQby0	2024-07-13 13:02:41.699+05:30
k7hajn5n6snbnuwbl8i12w19cje9b2uv	eyJjYXJ0a2V5Ijp7IjllMGM0NTNhLWJhYWMtNDIyYi04NDQ0LWM0MDQ5YTk4MDU3NyI6eyJxdWFudGl0eSI6MSwicHJpY2UiOiI0NS4wMCJ9fX0:1sNou5:p-V4-CdGPmAmJ9MIq83gN6cnkNUbl6SV6wYnfzenCYM	2024-07-14 12:53:17.736+05:30
kc0sam6hj86vnb6quc4xib5wq8js01dk	.eJyFzsENgzAMheFdfMZSEjsm6RDdwXGMhCrRFtFDhdi9dALu7__0djBdt4d_4bZDbxSL8oRehJCrBGxBJtRJuwYuXqX8d--PLtu8nU0c4LXO5nCD-3NxOAaoPfaqbFhycWQ2wyYmSElqTZFUnC8RDZncRDCl1k5E6TyRG45jiBTIe85XyHH8AMVkQIg:1s3tlb:JwUqGWWTx0djP4Hn7NP_wVDa_oQoe-olBDXIlU75zxQ	2024-05-20 14:02:11.219+05:30
kh0k4v97np9g09fbvcz5bquwys82cscm	eyJjYXJ0a2V5Ijp7fX0:1s4a9S:50Sqw3GbYu4d--iiPZhHP1rShUU7e9u5Tnn9MBHoNGE	2024-05-22 11:17:38.088+05:30
kx4uemxbxqprkifthy4yili705hzkhnb	eyJjYXJ0a2V5Ijp7Ijg3YzQ2NGNiLWVmYjEtNGI3Ni04NmE0LTQxN2U4MjQ5ZDZmMSI6eyJxdWFudGl0eSI6IjMiLCJwcmljZSI6IjIxLjUwIn19fQ:1sMfCS:5zaQIYTqK5bcg9C-Fs894aSsrNFSCdLZwndyJ8xTYfM	2024-07-11 08:19:28.116+05:30
l2245q2ir2p8yiyolhsadg2hs6sqhld1	eyJjYXJ0a2V5Ijp7IjVjOThkYjJhLTQ5OGMtNDFkZC1iNGJhLWExMWFiNjkyZGQzYSI6eyJxdWFudGl0eSI6MSwicHJpY2UiOiIzMC4wMCJ9fX0:1sQLPj:l4p0NQdAwUoTOt5c09KWoCiQRQXIfv1XOP3nBQ6fiAQ	2024-07-21 12:00:23.45+05:30
l6rw0ltqozu8t9027jqerxa8ipifbu7t	.eJx1zksKwzAMhOG7aB0F2xm_chtJdiAUShvSRSm5e1PoNvv5P-ZDJtt-62-aPxStlqZBGLUYw7fGChUW70VTDa1N8ts9X3Lf1_1s_ECPbbVOM01udI6OgWp3hjgJq8iphKBcALDBoUotLuZ8qSD-lZINCabcF_UMzYlLEpyvci8BtaXFXyrBj_FUjuML-_U_FA:1sAAkI:j1oAYf9OpgaUXcKVbqdoaQM9fbv64CL5lphOLG64rL8	2024-06-06 21:22:46.482+05:30
lbcc4xteomyfwvtotgbdc90nk7kmmhyi	eyJvcmRlcl9pZCI6IjhlNzkyZjMzLTI5MmItNDM2NS1iMTZjLWY4M2I0ZDUwNGFlMSJ9:1sOCJ1:W4shy-oVkV6-sjQZAjlG4hGzR3EriLI1ay03xXqyeXU	2024-07-15 13:52:35.011+05:30
ldsf4i6cu4nowvc6yqu7oz83aciv9cua	eyJjYXJ0a2V5Ijp7fX0:1sLOow:kH3LkGSmQeZUca70ZU8MU5RzP6NvfcLpeWJag6Z-UoI	2024-07-07 20:37:58.911+05:30
ljrr3jslcxog3u1xom1p5lvxrs18popz	eyJvcmRlcl9pZCI6ImQxMmRkZTI4LTk2MDYtNDU5Ny04MmMxLTI1MTcxZDBlN2E3YSJ9:1sQLnG:pcKNKKTfm65pW5iG1WF_pCZIZSoU6ksUw3DMx0C6olI	2024-07-21 12:24:42.831+05:30
lsnux87mun0d2j0zw58suid2flpx0pma	eyJjYXJ0Ijp7fX0:1rgJHy:y5DxuJdigkRis7Wem51-PpTvIJDe1QNvkheAJJWE78w	2024-03-16 12:26:06.395+05:30
lzulvvi3dzk1m2k7w779nekd3fsv2xrt	.eJyF0FFqAzEMBNC7-DsCy5YsK4foHWRZC6GQpGH7UcLevc4J9n_mMcw7ub327_hL13cyF86kBKxWgXJD6FsI4KZNVaOMPD65n1-777d9dfCSnq-bR7qmr8c90nFJWRCZ8gZ5swI0l6QdG1DR0oO9K-opUrFIa9VBzGJVycE8JlTCOrLXiVLPkeE-tHdgEwLa1hJrgVDmRJYgJqNTBFn5k4TBbX3CggsRhVFNhrQys_YT5Dj-AQ6DZi8:1s4Fad:X48IWLoOKZ1XcIgyvOVINqvb3Nbt9VTinztGS0jYFLo	2024-05-21 13:20:19.795+05:30
m1bqbg4w6og766engufkmvngbvg1xv9o	eyJvcmRlcl9pZCI6ImEwNDI2YzAzLWUyYjItNGU3ZS05YmZhLTI1ZTcxYjJlMmYwYiJ9:1sOBsT:f7JkJA2IF3p_WJlhBEc02hrPPUY3xkta-m79Tc9Bu7U	2024-07-15 13:25:09.915+05:30
m72phdsloa49ftbralpyq3ag2i1gd66w	eyJjYXJ0a2V5Ijp7IjVjOThkYjJhLTQ5OGMtNDFkZC1iNGJhLWExMWFiNjkyZGQzYSI6eyJxdWFudGl0eSI6MSwicHJpY2UiOiIzMC4wMCJ9fX0:1sNjmL:s8uu1kyo-wHNlv-J9dae9NKu7AnzIdOyjZkyUihMX3U	2024-07-14 07:24:57.174+05:30
mbyqsn8nrluiwyjf9of1gdhtd063o233	.eJxVzDEOwjAMQNG7eK6Rkzg07m1sJ0OFhKAKA6py9xYWxP7_28F167f2hmWH7FKqRUWW4sihVjQ2RQ1B7Sqx1qSf7vnSe1_7-cQJHtvqDRZIdCGCMYE0cs5J0VRPJUbDwszoTCwqhfI8_yvpp3D-KmMcfNAr-g:1sNjCe:yfgje5ZjBlMjNPf3ARwCEdK_qjZIqve4QOBcvEEPEXQ	2024-07-14 06:48:04.015+05:30
mshr4f6q49hnv7gk3ocrxj1vbfzrwpnx	.eJx1zDEOwjAMQNG7eK4rJ3Fo3NvYToaqEoIqDKjK3Sns7P-_E1yPvrc3rCdkl1ItKrIURw61orEpaghqN4m1Jv12z5fe-9avJ0zwODZvsEKimQjGBNLIOSdFU72UGA0LM6MzsagUysvyV-H8U8b4AHxOK_c:1sNY1T:xeWF80bej_V3yGvD6BUYA7leaDhc8QOPt6tBhodspM0	2024-07-13 18:51:47.214+05:30
msph18p9ew072c0wfk0gw7fjlb237o3z	eyJjYXJ0a2V5Ijp7IjllMGM0NTNhLWJhYWMtNDIyYi04NDQ0LWM0MDQ5YTk4MDU3NyI6eyJxdWFudGl0eSI6MywicHJpY2UiOiI0NS4wMCJ9fX0:1sNpEN:RsAZ8y93K5uVIfUHszhMi9KwBcQukzyXmWfpiFZIyGo	2024-07-14 13:14:15.783+05:30
my8t8hrzf2ugk9bq6312hwjctfj9dkr6	eyJjYXJ0a2V5Ijp7IjIzZjk0Njg0LTczZDQtNGUzNC1hZmQ2LWM0OTY5OTkwYzdlNyI6eyJxdWFudGl0eSI6MSwicHJpY2UiOiJOb25lIn19fQ:1s4Vwp:13ZubjmtuBU65j5Jy1OHo5k29rxgJwt2MkYtMTWv6BA	2024-05-22 06:48:19.664+05:30
n65f7jzg1zsqou3ebh29natl498r6m1q	.eJx1zDEOwjAMQNG7eK4rJ3Fo3NvYToaqEoIqDKjK3Sns7P-_E1yPvrc3rCdkl1ItKrIURw61orEpaghqN4m1Jv12z5fe-9avJ0zwODZvsEKimQjGBNLIOSdFU72UGA0LM6MzsagUysvyV-H8U8b4AHxOK_c:1sAsOp:bEZzSI0oYwYLtA2o3qoVKe0F2j06pCLa5mPYPaDaL5I	2024-06-08 19:59:31.797+05:30
nczxgo516bb3pizei50lz0q0l1j9lb8u	.eJxVzDEOwjAMQNG7eK6Rkzg07m1sJ0OFhKAKA6py9xYWxP7_28F167f2hmWH7FKqRUWW4sihVjQ2RQ1B7Sqx1qSf7vnSe1_7-aQJHtvqDRZIdCGCMYE0cs5J0VRPJUbDwszoTCwqhfI8_yvxp3D-KmMcfRYr-g:1sNn60:RFJBVD-I8JE936odjWVEpfKBoK8-bc9TTXnj_hpUIrY	2024-07-14 10:57:28.719+05:30
nggih6ww0njzjiepr5hg3drj3c0utt7q	eyJjYXJ0a2V5Ijp7fX0:1sOGjL:N-7m_0ICTx-ug8PAy-w_Yn6yH2QHg9RRT7KnzlrN6gI	2024-07-15 18:36:03.051+05:30
ngjyo2f5yg1b5s3y484ovib0xue41dq7	.eJx1zEEKwyAQRuG7zDoT1P7qmNuMUwOhUNpgFyV496QH6P697yDTvT_al5aDSnOGeFOuqsYIobIAYIND0SIu5vzr3h999q1fj5_otW_WaCHE2TkaE0k2JFjltlbPqDmxJAXD5yYB5Z5W_1cJfo6XMsYJDZwrKw:1sNRUf:m2oR-a8saKNz0F1n5kiFBByq69Z2fB5DM4iurTG1yP8	2024-07-13 11:53:29.208+05:30
nmuveuty0smoctc0uxu65alq04ge8w0c	.eJx1zksKwzAMhOG7aB0F2xm_chtJdiAUShvSRSm5e1PoNvv5P-ZDJtt-62-aPxStlqZBGLUYw7fGChUW70VTDa1N8ts9X3Lf1_1s_ECPbbVOM01udI6OgWp3hjgJq8iphKBcALDBoUotLuZ8qSD-lZINCabcF_UMzYlLEpyvci8BtaXFXyrBj_FUjuML-_U_FA:1s4iEL:FfHg4WUb9-lrVkzEXu7UH1AyOFo2AKQAnoy-4GiaDwQ	2024-05-22 19:55:13.143+05:30
nt6lsdu7rmpzh7yuj0byihxnmng5vnkf	eyJjYXJ0a2V5Ijp7Ijg3YzQ2NGNiLWVmYjEtNGI3Ni04NmE0LTQxN2U4MjQ5ZDZmMSI6eyJxdWFudGl0eSI6IjMiLCJwcmljZSI6IjIxLjUwIn19fQ:1sMfcF:DFbS7heQPRgHRHwRUvZVKu4ROg9TbPPaE9Uh_Qvl04w	2024-07-11 08:46:07.299+05:30
nw29zx1bnemmj1dob7d1obz99t1bw65p	eyJjYXJ0a2V5Ijp7fX0:1sKtGv:dS32mGY_aegp4Me7aHaLYKYOI5V3CRuXvTVtwWbGYbg	2024-07-06 10:56:45.347+05:30
nwbv7ir5wr22yyyvws2pks0q419ak603	.eJx1zksKwzAMhOG7aB0F2xm_chtJdiAUShvSRSm5e1PoNvv5P-ZDJtt-62-aPxStlqZBGLUYw7fGChUW70VTDa1N8ts9X3Lf1_1s_ECPbbVOM01udI6OgWp3hjgJq8iphKBcALDBoUotLuZ8qSD-lZINCabcF_UMzYlLEpyvci8BtaXFXyrBj_FUjuML-_U_FA:1sNpig:DVMdAt_QYjuHhQ5uRlOrQT3ACrNMx5ZK7wR_4DgmrL4	2024-07-14 13:45:34.685+05:30
o63gbsnmkpb9bxo49ytbgz4yj1kjj0sq	eyJvcmRlcl9pZCI6IjIxYmFhOTkzLTZkZjctNGFlNi04YTc0LTRhN2ExY2I1N2VhZiJ9:1sNxkU:g4SwzgMiXEObr2WcauOH0SnTDNXZO5KKveGdJbtzImo	2024-07-14 22:19:58.641+05:30
ocrnz4eyhvrqgvnqd6b6l9l952rwq0i9	.eJx1zDEOwjAMQNG7eK4rJ3Fo3NvYToaqEoIqDKjK3Sns7P-_E1yPvrc3rCdkl1ItKrIURw61orEpaghqN4m1Jv12z5fe-9avJ0zwODZvsEKimQjGBNLIOSdFU72UGA0LM6MzsagUysvyV-H8U8b4AHxOK_c:1sNXcx:kgsNIkyafQoIn1DrfvP_kJbdl5vqz8gliIOlLa2zmmc	2024-07-13 18:26:27.732+05:30
odx77alk8c5686o3upba5249kpynj0ai	eyJjYXJ0Ijp7fX0:1rgGGG:RhXlFdYmrUCjrQmEIDrkDjcOnWCmxJa4o9Sj1nQsM3g	2024-03-16 09:12:08.092+05:30
omjgwl94q2aqvu9412r6atl3ntbu3d4z	eyJjYXJ0a2V5Ijp7IjJiYmRkNmNlLTk2MWMtNDMyNC1hYzcyLTdmM2JmNTlhM2UwYyI6eyJxdWFudGl0eSI6MSwicHJpY2UiOiJOb25lIn19fQ:1s4Mm6:dAAZTFYrzop0o2HPT0YTNxIIWaSVu286L4WPqt1KbbY	2024-05-21 21:00:38.898+05:30
pnunsta3wuqca6spfpcgjjj1dzwbwzbf	eyJjYXJ0a2V5Ijp7IjllMGM0NTNhLWJhYWMtNDIyYi04NDQ0LWM0MDQ5YTk4MDU3NyI6eyJxdWFudGl0eSI6MSwicHJpY2UiOiI0NS4wMCJ9fX0:1sNp5V:P0VGysvxh3qeJh2FETLXi25ILOg59HeW6cCytZEtbKg	2024-07-14 13:05:05.171+05:30
pp6laewpxskc3ek9ydlvywucest7o943	.eJx1zEsOgzAMRdG9eIxRHF5-3Y2dBAlVqlpEB1XF3kuZM7_3fKnqut37h25fyqkiohr32YRhKXKOCoaknj1Ki7P8u9dbH9uyHY8M9FyX2ulGXsbgaB-odFcRJmVTrQzvjTMArnAoWrILKV0qCKM7lVBLbuaVUfKhSGtsMGUVUYvFtzbppTK5U9n3H4xlPxQ:1sLjhW:6zpcocByUWDNif8hYYvhee8mpX2kdRjGoraVqoc3t7I	2024-07-08 18:55:42.248+05:30
ps1pt3tknwmb6ao2gkkc53jfk0sihi95	e30:1sNsXJ:ZBVwSONY_SkKJDz_gqkV2IDq_GCZW91V_GUJRy9fYsY	2024-07-14 16:46:01.728+05:30
q1w5wyto8rfcoikaga39l8i8eceei3pt	eyJvcmRlcl9pZCI6IjUzYTQ3OTgxLTdiMzEtNGNmNS1iYzc0LTRjZWUyYzgwZmE3MyJ9:1sOAAx:qHbJoU64ATe5EWUHwv3oDP5wgeRaBmP9TQlQPNNRgZE	2024-07-15 11:36:07.547+05:30
q9tetot1vmc59sc7lc5p1sh200oe6ahs	.eJyFzMENgzAMQNFdfMZSQmyIGaI72I6RUCXaInqoELu3nYD7_-8A122_xwemAyoPNGglFM8ZKaihCAmKaa4hzeaW_t3rreu-7L8nd_DcFg-Y4PZYA84OwqL0xIxDFEIiYaxhM_ZNpTL7zLVcIkVN-jzOyCmNSE0J1VXRmqu7FbckF8h5fgGxS0GI:1ri6nS:HT0qOIN3uCI8x5tLy8V0aK3BKojg_pDZmTAIKzbfepw	2024-03-07 11:33:02.441+05:30
qhv0if2uievlie6e28okljttu886dodh	.eJx1zDEOwjAMQNG7eK4rJ3Fo3NvYToaqEoIqDKjK3Sns7P-_E1yPvrc3rCdkl1ItKrIURw61orEpaghqN4m1Jv12z5fe-9avJ0zwODZvsEKimQjGBNLIOSdFU72UGA0LM6MzsagUysvyV-H8U8b4AHxOK_c:1sNRH8:a2kEYBl7HN3DDErsWXLFdO5vFRJdfCYGgoN55EeJ6Pc	2024-07-13 11:39:30.024+05:30
qpjkc4x3030aoxldhhvzwzf1uw7vkig2	eyJjYXJ0a2V5Ijp7IjllMGM0NTNhLWJhYWMtNDIyYi04NDQ0LWM0MDQ5YTk4MDU3NyI6eyJxdWFudGl0eSI6MSwicHJpY2UiOiI0NS4wMCJ9fX0:1sQLdA:-xEND1K2DU-dcQ5r7lvywf7xQKRHgK1hHlKWVwj8t-8	2024-07-21 12:14:16.328+05:30
qrnt56ii3ceb1f7tw8qtok4zxfdgmhy9	eyJjYXJ0a2V5Ijp7fX0:1s4i2o:xrszb2BBCCgfgsnCygcs4taOQQL_0eJ94RyM3NI_b0U	2024-05-22 19:43:18.725+05:30
qzy1u766bku5bd8cohvbu4fxezn0133k	.eJyFkEFqRCEMQO_iegJqoiZziN4hxghDYdoOv4sy_LvXfwIRskoe7_kOpq_j0__C_R0E2dF5wOQmQMkVupODiDcaSopDrr2fX30ej2PdpFv4fj3Mwz18fD09nLeAbG5DDIoyAU3rILFOKM14FkuppLqFuOSqSwDiKAlIZlsSalCxU89FPGLcQkaPWK6IzEuCHAU4soGhdU8yUTJuITSzdKkrArEBaUOQyggtxTgyV6ZqW4hFR8x9_Wkeeg0EZloQW6_Noah9n1MsNtIMI4-yTHoCTcNB4yrRLsRCG8h5_gO2lpAU:1ri6iA:FIzqVBe7deQQYM5ZUGG95OxtsiiMnXfJ3OUdQE6pDLA	2024-03-07 11:27:34.35+05:30
r4o6t4y009ouum5r27mi4vjjg5e5uqp0	.eJxVzDEOwjAMQNG7eK6Rkzg07m1sJ0OFhKAKA6py9xYWxP7_28F167f2hmWH7FKqRUWW4sihVjQ2RQ1B7Sqx1qSf7vnSe1_7-YQJHtvqDRZIdCGCMYE0cs5J0VRPJUbDwszoTCwqhfI8_yuQ4Odw_jpjHM7rLD0:1sMeg0:wK8EeUn_0yoHWd-339cSI3jPbj8zZ_e5s2L2h1VZIWo	2024-07-11 07:45:56.184+05:30
r6640wmjdkqs43bcqf725xc12x99uvz1	eyJjYXJ0a2V5Ijp7fX0:1sMVso:5LHdFmDxdlsmbrRRYNIaSVvqz-YKyQF4vBXBdQIxtUI	2024-07-10 22:22:34.366+05:30
r9ulyhikgkq5wzfy290smk0eoufd4586	.eJx1zEsKwzAMANG7aB0Fy1H8yW0k2YFQKG1wFyX47nEP0P3Mu8DkbI_6he2C1XIq6gU5J0OmUlBZBYVINGRfyiK_7v2RZzvaeGiC13lYhQ0WNzsHfYIUjQObYt2VkDUGTEF4eLEmz7mEnf4qnuZ1KL3fhScsPA:1sAsRL:biLLDORsonocPzpYQDqTaxcD0mZImubh6srKDk8hLxo	2024-06-08 20:02:07.516+05:30
rmvfqwwaui0qnu94mou8i8p3e1qzy74p	eyJjYXJ0a2V5Ijp7fX0:1sLjVy:47TXR2BjCVufvT69vYQng3Ca6QClYlbhS95SI56QXNk	2024-07-08 18:43:46.001+05:30
roi2lc26ppqqmwl05l25ezpoi7dudtdy	eyJjYXJ0a2V5Ijp7IjVjOThkYjJhLTQ5OGMtNDFkZC1iNGJhLWExMWFiNjkyZGQzYSI6eyJxdWFudGl0eSI6MSwicHJpY2UiOiIzMC4wMCJ9fX0:1sOGBI:Lo1XOpnMoeksse697LZ7OKimcINue_vZGS_rOxZ85rM	2024-07-15 18:00:52.521+05:30
rr1x57o76ziumw701mrfbzgw13enn9jy	.eJx1zDEOwjAMQNG7eK4rJ3Fo3NvYToaqEoIqDKjK3Sns7P-_E1yPvrc3rCdkl1ItKrIURw61orEpaghqN4m1Jv12z5fe-9avJ0zwODZvsEKimQjGBNLIOSdFU72UGA0LM6MzsagUysvyV-H8U8b4AHxOK_c:1sNSW2:GKWEVz7wyCbP66UOG1n5NJImQZBN8HVx53dtbktoCOo	2024-07-13 12:58:58.757+05:30
rwfe350apigt9hjdhrwa6s2z9hv70vnc	eyJjYXJ0a2V5Ijp7fX0:1s3toF:VX0QkXh6iRtr9L-OZGNjVKAGeCYnFwWV3_yCLbCjUws	2024-05-20 14:04:55.098+05:30
s1k9u7tg43m6sr03yb0ogojxvmqo6b8k	eyJvcmRlcl9pZCI6ImQwMmVhMzRhLTUzNWItNGRiYy1iMzQzLTVlMzg4NDg4MGUyMSJ9:1sOGA6:cA3LAKYwItL__Hmi8FNbrsb8t2Gg3ZPPn1Y1iRfreZc	2024-07-15 17:59:38.721+05:30
s24cayp8jhj44hr79wt5bslqm2j5wdh7	.eJx1zDEOwjAMQNG7eK4rJ3Fo3NvYToaqEoIqDKjK3Sns7P-_E1yPvrc3rCdkl1ItKrIURw61orEpaghqN4m1Jv12z5fe-9avJ0zwODZvsEKimQjGBNLIOSdFU72UGA0LM6MzsagUysvyV-H8U8b4AHxOK_c:1sM0IJ:ggV3JRyi_C1jL4fFhzUi1LC-vzJ_9WDwg3yX4N3VhMU	2024-07-09 12:38:47.871+05:30
s3l935pytdabdzwrovujxi4ulj1qjfta	eyJjYXJ0a2V5Ijp7fX0:1sBpv7:M7SXaFCmVqSmqWoHLjMtG3_W54xQlkJ_ZKhzvQAfsqY	2024-06-11 11:32:49.094+05:30
s4ky1icwujyuc2vabe5a6mp02s05g4sw	.eJx1zDEOwjAMQNG7eK4rJ3Fo3NvYToaqEoIqDKjK3Sns7P-_E1yPvrc3rCdkl1ItKrIURw61orEpaghqN4m1Jv12z5fe-9avJ0zwODZvsEKimQjGBNLIOSdFU72UGA0LM6MzsagUysvyV-H8U8b4AHxOK_c:1sNRg9:ENZ6O_g9Zy8UqHWJZ9unJl8qNmfWxWIKD6G0Ir16Mc8	2024-07-13 12:05:21.239+05:30
s6jmjpmvh2d74y8sefknbkpb2bxl47b2	eyJjYXJ0a2V5Ijp7fX0:1sCfO2:ls5MSiBeGZYBgJA8yOdION_eBih3NgT1XeR1Co7fcDo	2024-06-13 18:30:06.686+05:30
s7o85l0ogfy62hxiqduydapyyumekwjp	.eJyF0EtqA0EMBNC79NqC_kg9kg-RO0hqCUzASYyzCGbunvEJZl_1oOpVXB_Pz_gr11fJ0TJTOywkA-yDQIUW6KosxtXD8p37-dX78_Y8Ou1Svh83j3ItH1_3KPulsDt6jwpbtwnoVoG9TugtUdhIG8spguFjZTrEigEoFMCBCkI-dBHbNDpF2vAaY_P3kg5ow8F4SzDM5GlJwvMUOU7ghptCJz7m5MFJeoMmq6vwopx8guz7PzTVaYM:1s4ZNG:B4FSKC2YpY9gUU5LQiUXlxICc8fFHS_WH1hll7aD6SY	2024-05-22 10:27:50.618+05:30
si2fx8o3mqg13d9e6dn5ietsue36wfgt	eyJvcmRlcl9pZCI6IjhkZjQ0ZDRiLTY5ODItNDA2ZC1hMjBlLWUzODFhMDEwYjdhMCJ9:1sOGPG:fsp_67sGpTbHsn5yaSL5ASY-tUeBV96K0lGzHtNgfj0	2024-07-15 18:15:18.357+05:30
si8bgztla72nea4hve3l1lngmcrpx9ev	.eJyFzM0NgzAMQOFdfMYS_gkJDNEdTJxIqBJtUXqoUHYvnaD3770Tsh3tXj6wnKCsk0g1nGNgVJozpnWsqGwerKiy88-93ra3rV0NDfA8tlxggdtjL9AHkCR-wYgq0VE9r2iBGSkYUyKuk4x_Jr1_AdPKK9s:1s4Xfw:gXOzrgJM0fe88XAHeRYuHH7HB6t5LlzMcXKYjI1BbOg	2024-05-22 08:39:00.892+05:30
siza001ztqyhwwnkf1l34sn1s4vge2c8	.eJx1zssKwkAMheF3ybopc8nc-jZJZgpFEC11IWXe3REEceH-_B_nBOX9uLQnLCcELbmKY6SSFcnWikLCyNayxOJq9fze3R98PbZjNH6C275pgwW8mY2BPkFpRil4RmEeinOCmYhQyVDhkk1I6a9C4aPkpBRJBdsqFklSxByZxqvUsqNS42p_FfdVnJ3DUHp_Af39Pxk:1sAsK9:BGPEbu225mXBFIkyu4zLH2va586yz1DTVQro2dorTrg	2024-06-08 19:54:41.614+05:30
sjpeozcm7j924lekuuc4lak8ztb3j2wz	eyJjYXJ0a2V5Ijp7fX0:1sLOnG:nInBIU-aHpHYkIZQuQgpX5YTgof3WPVuM6e94gtjG_o	2024-07-07 20:36:14.9+05:30
snsjn1prl3nyqaqv69fmz6kq6f9cnawx	eyJjYXJ0a2V5Ijp7fX0:1sMe88:GDhH3WkoKnB2e4JEi4Kb58o0z2VistacEous9SQY1cU	2024-07-11 07:10:56.158+05:30
sq85efarw5c15ne2lvbc1ljt3501t6lx	eyJjYXJ0a2V5Ijp7IjVjOThkYjJhLTQ5OGMtNDFkZC1iNGJhLWExMWFiNjkyZGQzYSI6eyJxdWFudGl0eSI6MSwicHJpY2UiOiIzMC4wMCJ9fX0:1sNoaE:xCYqkLxteWUy5TXHnBGZAGubOIKEoFsyO1SQxJUQFew	2024-07-14 12:32:46.086+05:30
squp8mi5umridr3pcf6ej9yw1ycxcx68	.eJx1zksKwzAMhOG7aB0F2xm_chtJdiAUShvSRSm5e1PoNvv5P-ZDJtt-62-aPxStlqZBGLUYw7fGChUW70VTDa1N8ts9X3Lf1_1s_ECPbbVOM01udI6OgWp3hjgJq8iphKBcALDBoUotLuZ8qSD-lZINCabcF_UMzYlLEpyvci8BtaXFXyrBj_FUjuML-_U_FA:1sLPHE:qcttL0LMz5e5KirRVhBgJnVTAyrU6BWCsoPeVXTkqss	2024-07-07 21:07:12.037+05:30
svm3ojtf9j6b0d421kyf77iebsnyv3r5	eyJjYXJ0a2V5Ijp7IjVjOThkYjJhLTQ5OGMtNDFkZC1iNGJhLWExMWFiNjkyZGQzYSI6eyJxdWFudGl0eSI6MSwicHJpY2UiOiIzMC4wMCJ9fX0:1sQLKv:0TTvwCY4LoygFgkB4uLMt8rJH6fdWTPkvvxyIrck2qE	2024-07-21 11:55:25.642+05:30
syjilr8a8q3h3jd36pq5sxw3xkxtvrrz	eyJvcmRlcl9pZCI6IjNkZTA2NWJmLWRlZTYtNGY4My1iYTk1LTIyMTM3NzM2MTYxNSJ9:1sOI7U:mVoCaRx3dwU2_d4jEZ5F1gWBb2dA_jA4e1wUeSU1JdQ	2024-07-15 20:05:04.039+05:30
t305mai9cjsu5tlimues7isar3tmc4wh	.eJx1zEEKwyAQRuG7zDoT1P7qmNuMUwOhUNpgFyV496QH6P697yDTvT_al5aDSnOGeFOuqsYIobIAYIND0SIu5vzr3h999q1fj5_otW_WaCHE2TkaE0k2JFjltlbPqDmxJAXD5yYB5Z5W_1cJfo6XMsYJDZwrKw:1sNpnM:31REuN4jwRB6dnSa0n3SFyT2ScM00cI2t0_OZD4rprY	2024-07-14 13:50:24.735+05:30
t8tucdmaosi0x38gn9dr0s0497d12aqc	eyJjYXJ0a2V5Ijp7fX0:1s3tpv:sLTX2Ut70e_rTONY1-SPd4MsGBN-0DhRGhGN3Pl8fxE	2024-05-20 14:06:39.214+05:30
teumq5hsyqd34em5f8xs64x4vz0ka7vc	.eJx1zDEOwjAMQNG7eK4rJ3Fo3NvYToaqEoIqDKjK3Sns7P-_E1yPvrc3rCdkl1ItKrIURw61orEpaghqN4m1Jv12z5fe-9avJ0zwODZvsEKimQjGBNLIOSdFU72UGA0LM6MzsagUysvyV-H8U8b4AHxOK_c:1sNRzU:3srYexI61ACNyWdPVyJ9YkiLwLt1vrW2bmvwOPiGTWQ	2024-07-13 12:25:20.356+05:30
tfk1gir914r47mprg8v6rzq9ivl6pz52	.eJx1zDEOwjAMQNG7eK4rJ3Fo3NvYToaqEoIqDKjK3Sns7P-_E1yPvrc3rCdkl1ItKrIURw61orEpaghqN4m1Jv12z5fe-9avJ0zwODZvsEKimQjGBNLIOSdFU72UGA0LM6MzsagUysvyV-H8U8b4AHxOK_c:1sNRs9:MnnkZQVQMy6lWhILBj5WierxtcIAkyEI-Ztnvh9SwPY	2024-07-13 12:17:45.267+05:30
tg2u13vgys0shob0e90fj6x5wn1he7xv	eyJjYXJ0a2V5Ijp7IjllMGM0NTNhLWJhYWMtNDIyYi04NDQ0LWM0MDQ5YTk4MDU3NyI6eyJxdWFudGl0eSI6MywicHJpY2UiOiI0NS4wMCJ9fX0:1sNolx:FgfLXSGgiSdDu_V_mwi24OrlKTuUeJIkdTfux9w5uoQ	2024-07-14 12:44:53.492+05:30
thnji5lc9tkny9hoq7au2evwea1rc3vu	.eJxVzMsKgzAQRuF3mbUjSfxz820mYwQplFbSRZG8u3ZV3J_zHaSyt0f90nxQrkbhJ-EiogznCicArDDIkpPxMf6690eebWvXYwd67ZtWmgl-NIb6QCkqArRwXYtllBg4BQHDxpoc8hJWe1door_j7Ogvp_cTXqMrcQ:1sMhhk:hiIg1GOKTRCvAUJeZV1b4KknvOXH630MIxxn7CF35d8	2024-07-11 10:59:56.22+05:30
tkexfs7f7p0vwdza16idrywr1rbeuxht	eyJjYXJ0a2V5Ijp7IjVjOThkYjJhLTQ5OGMtNDFkZC1iNGJhLWExMWFiNjkyZGQzYSI6eyJxdWFudGl0eSI6MSwicHJpY2UiOiIzMC4wMCJ9fX0:1sNjnE:KQ40DyP_ujtLISRj0fuVZm4TaXkW_SGbd99Fqr66v2Y	2024-07-14 07:25:52.934+05:30
toiqzvt3v7mlt07k9k7nlk65sizofryp	eyJjYXJ0a2V5Ijp7IjVjOThkYjJhLTQ5OGMtNDFkZC1iNGJhLWExMWFiNjkyZGQzYSI6eyJxdWFudGl0eSI6MSwicHJpY2UiOiIzMC4wMCJ9fX0:1sNjW4:HuqEpJXvFiLKux4EudhkHxohqr1uxZ13nmtGT5RaXsw	2024-07-14 07:08:08.716+05:30
tsiz5rofj5t35dwoc2fgm4l9vdh5xmti	.eJx1zEsKwzAMANG7aB0Fy1H8yW0k2YFQKG1wFyX47nEP0P3Mu8DkbI_6he2C1XIq6gU5J0OmUlBZBYVINGRfyiK_7v2RZzvaeGiC13lYhQ0WNzsHfYIUjQObYt2VkDUGTEF4eLEmz7mEnf4qnuZ1KL3fhScsPA:1sMs9t:KoirrClajaSY7BF-9CHVsugcXvPn_lW4JqXOBE9uJOM	2024-07-11 22:09:41.092+05:30
tw9wruuwsrb66k1xv9h0bfg4puo2f6fa	eyJjYXJ0a2V5Ijp7IjVjOThkYjJhLTQ5OGMtNDFkZC1iNGJhLWExMWFiNjkyZGQzYSI6eyJxdWFudGl0eSI6MSwicHJpY2UiOiIzMC4wMCJ9fX0:1sQLgM:aBToXDaRaQNddSJh7gqALZ88ZV9NIYj7rDKwW0MLiEU	2024-07-21 12:17:34.155+05:30
tzugwleosmdc63nm6umyjci4bc7l0ytk	.eJxVzEsKwzAMANG7aB0Fy1b8yW0ky4FQKG1IFyX47nVXpfuZd0GV47y1N6wXLLVkUy_IJVdkMkNlFRQi0Vi8WZBv93zJ_dzP8fgJHsdeG6wQ3Owc9Alyqhy5KrZNCVlTxByFh5da9lwsbvSvhJ_iaV6G0vsHhaksPw:1sAsTr:K9gkHBtsbTcXrs-mRtWqQLs241sszrFHx9ZlNqN2S-c	2024-06-08 20:04:43.846+05:30
u4x0u9yo8fc6rxp619msfcgqp0454u7u	.eJyFzEsKwzAMRdG9eByBZcuW1UV0D7KlQCj0RzooIXtvuoJMH--eLQx9rzf_hssWxIWqRQSK2YG8KmgvBUqUJlKrp-r_3-uj93VZjwan8Hwv41jD9XH3sE_BKTVSNYhm-ZCqQ8stgtKMpNwHKp8i3fIgSUdqvQNpTaCZGJiwS9ZYhMcpYsaM5B1w0AyUCkIr8wBlyd0bY1U7Qfb9BzyxVGY:1s4Bxj:OKdDU8u-zJ3kF9jnCvUiWSgbvCv5TG6f4njBXTzrR04	2024-05-21 09:27:55.718+05:30
u5fd3nuein7hfa4wzshg3d3fm1qxo75k	.eJxVzDEOwjAMQNG7eK6Rkzg07m1sJ0OFhKAKA6py9xYWxP7_28F167f2hmWH7FKqRUWW4sihVjQ2RQ1B7Sqx1qSf7vnSe1_7-YQJHtvqDRZIdCGCMYE0cs5J0VRPJUbDwszoTCwqhfI8_yvpp3D-KmMcfHYr-Q:1sNo8g:DLaQs6ZcQ_FdWrHLpNFCGTrNgPYNyfMVg1U6YNFsoXI	2024-07-14 12:04:18.571+05:30
u6y9hzchz9rur7dpom8qan2dzz81b7l5	eyJjYXJ0a2V5Ijp7IjllMGM0NTNhLWJhYWMtNDIyYi04NDQ0LWM0MDQ5YTk4MDU3NyI6eyJxdWFudGl0eSI6MiwicHJpY2UiOiI0NS4wMCJ9fX0:1sNpJZ:CNjT3XIT83ic9l3fXO5nP6Phk8uWHs0_POYZRHwSTQU	2024-07-14 13:19:37.125+05:30
ub65nz8zgfrpwirq4z0xb2al6ml4oi3h	eyJjYXJ0a2V5Ijp7Ijg3YzQ2NGNiLWVmYjEtNGI3Ni04NmE0LTQxN2U4MjQ5ZDZmMSI6eyJxdWFudGl0eSI6MSwicHJpY2UiOiIyMS41MCJ9fX0:1sMqUx:16b45fgCMZlVgH7jc6y27DxzGFs7mtnDWZ9dKzfmDe4	2024-07-11 20:23:19.067+05:30
ubnfd9t9t1mpc7ydx5hyotvmossqv2qm	eyJjYXJ0a2V5Ijp7IjVjOThkYjJhLTQ5OGMtNDFkZC1iNGJhLWExMWFiNjkyZGQzYSI6eyJxdWFudGl0eSI6MSwicHJpY2UiOiIzMC4wMCJ9fX0:1sQL7u:opXqk4_eFpAA383COOV2wzdeDZloAq4e_oh1TrndWXI	2024-07-21 11:41:58.319+05:30
uguffzljjjwpdkajifuuaxkyozxqb6ad	eyJvcmRlcl9pZCI6IjI4YTNmMGIwLWNiNjgtNDYxMS05YTQzLWQxYTg3ZDlmMGYyZCJ9:1sQhpD:QS2PWzC8xDU2Q5k4YDLeYFkogce6SK8Y35iIOGtR1ps	2024-07-22 11:56:11.539+05:30
ukqwhfyb3nwgqt5xkob1vltl9wmgm3b2	.eJx1zDEOwjAMQNG7eK4rJ3Fo3NvYToaqEoIqDKjK3Sns7P-_E1yPvrc3rCdkl1ItKrIURw61orEpaghqN4m1Jv12z5fe-9avJ0zwODZvsEKimQjGBNLIOSdFU72UGA0LM6MzsagUysvyV-H8U8b4AHxOK_c:1sLjjr:vVTJjhhM6R8sewarQ06_T6S16OSrqZPsraV3Jwz9-TY	2024-07-08 18:58:07.21+05:30
ulgxl9c9429c8yr4opvdqc8yvbem1hqx	eyJjYXJ0a2V5Ijp7IjllMGM0NTNhLWJhYWMtNDIyYi04NDQ0LWM0MDQ5YTk4MDU3NyI6eyJxdWFudGl0eSI6MiwicHJpY2UiOiI0NS4wMCJ9fX0:1sNp0y:3frsRN0vdilrAVvn8S0Szwbxb_Q60LvvA85aQBGCBrI	2024-07-14 13:00:24.686+05:30
unwn7pr2vfp6np2li0nrbfeeqg7mf3ey	eyJjYXJ0a2V5Ijp7IjllMGM0NTNhLWJhYWMtNDIyYi04NDQ0LWM0MDQ5YTk4MDU3NyI6eyJxdWFudGl0eSI6MSwicHJpY2UiOiI0NS4wMCJ9fX0:1sNpyl:avJsoSfqJUKsmeMVYkSRWhlfjImh1U3n0sF1eYEnVd0	2024-07-14 14:02:11.305+05:30
uv34426prfk9m9wasevugvdiw7zbkx9u	eyJjYXJ0a2V5Ijp7IjVjOThkYjJhLTQ5OGMtNDFkZC1iNGJhLWExMWFiNjkyZGQzYSI6eyJxdWFudGl0eSI6MSwicHJpY2UiOiIzMC4wMCJ9fX0:1sOBxR:AAsUWjRiUYOTnDuXgwFiX2yb5YciH2ZS13ClK09_E5U	2024-07-15 13:30:17.264+05:30
uz5505dk07i15e59b9fqj090arbpkg5k	.eJx1zDEOwjAMQNG7eK4rJ3Fo3NvYToaqEoIqDKjK3Sns7P-_E1yPvrc3rCdkl1ItKrIURw61orEpaghqN4m1Jv12z5fe-9avJ0zwODZvsEKimQjGBNLIOSdFU72UGA0LM6MzsagUysvyV-H8U8b4AHxOK_c:1sNRcM:0IUmoLQ2AOKEXix67oO5DcMjmU-XtNOnfpwQOpGkAMo	2024-07-13 12:01:26.4+05:30
v160uk6sjbv9dfvzlgvadfnbtkb2i8ys	.eJx1zDEOwjAMQNG7eK4rJ3Fo3NvYToaqEoIqDKjK3Sns7P-_E1yPvrc3rCdkl1ItKrIURw61orEpaghqN4m1Jv12z5fe-9avJ0zwODZvsEKimQjGBNLIOSdFU72UGA0LM6MzsagUysvyV-H8U8b4AHxOK_c:1sNS6y:wLix39is1TvX_gnlGBW4NSdOmyxurz_BM-3lvYq4_mI	2024-07-13 12:33:04.13+05:30
v2yl9t6tsu94r1jezx57esachqfb03yi	.eJxVzDEOwjAMQNG7eK6Rkzg07m1sJ0OFhKAKA6py9xYWxP7_28F167f2hmWH7FKqRUWW4sihVjQ2RQ1B7Sqx1qSf7vnSe1_7-cQJHtvqDRZIdCGCMYE0cs5J0VRPJUbDwszoTCwqhfI8_yvpp3D-KmMcfNAr-g:1sNkRP:EKONDRpgo5R49CizfLYBCKaDrGsTorSh1q0oRYtCeRE	2024-07-14 08:07:23.486+05:30
vb2w735lbg7z5uye181i04r4yyknyb0h	.eJxVzEsKwzAMANG7aB0Fy1b8yW0ky4FQKG1IFyX47nVXpfuZd0GV47y1N6wXLLVkUy_IJVdkMkNlFRQi0Vi8WZBv93zJ_dzP8fgJHsdeG6wQ3Owc9Alyqhy5KrZNCVlTxByFh5da9lwsbvSvhJ_iaV6G0vsHhaksPw:1sAv2h:33qiR1wxXsLB1sMzrxatKW9eZt2ZSxz9Afb_-dohfwk	2024-06-08 22:48:51.187+05:30
vl8zc4da0q3lcpikrqq8c4shavu2n682	.eJx1zEEKwyAQRuG7zDoT1P7qmNuMUwOhUNpgFyV496QH6P697yDTvT_al5aDSnOGeFOuqsYIobIAYIND0SIu5vzr3h999q1fj5_otW_WaCHE2TkaE0k2JFjltlbPqDmxJAXD5yYB5Z5W_1cJfo6XMsYJDZwrKw:1sMhqG:gWmUt93_CFlqdUo0npiENX53Anumk9_JYpGWgEvGfgg	2024-07-11 11:08:44.699+05:30
vm3e5oql8s38dfs9em46uyru9dsxkf4f	eyJjYXJ0a2V5Ijp7fX0:1sB8E3:icu2ezG4ISnSyV2bOdpnaDiwBYkJ3lIxlR_n7Sb0xB8	2024-06-09 12:53:27.676+05:30
vmarvhq2452448zctsfsynu4weg900hr	.eJx1zEsOgzAMRdG9eIxRHF5-3Y2dBAlVqlpEB1XF3kuZM7_3fKnqut37h25fyqkiohr32YRhKXKOCoaknj1Ki7P8u9dbH9uyHY8M9FyX2ulGXsbgaB-odFcRJmVTrQzvjTMArnAoWrILKV0qCKM7lVBLbuaVUfKhSGtsMGUVUYvFtzbppTK5U9n3H4xlPxQ:1sLHb3:VHEGjBTZcVhCqelRGkhmTbLu2UP_jUMUu2gab_tj-Eg	2024-07-07 12:55:09.842+05:30
vy29q7qaxhp8a2oamzarcw1p07zvn0b2	.eJx1zDEOwjAMQNG7eK4rJ3Fo3NvYToaqEoIqDKjK3Sns7P-_E1yPvrc3rCdkl1ItKrIURw61orEpaghqN4m1Jv12z5fe-9avJ0zwODZvsEKimQjGBNLIOSdFU72UGA0LM6MzsagUysvyV-H8U8b4AHxOK_c:1sNXst:DX3tsDp343EzemDZ0pR6yK_BQyuVDJgR1iqi_BYxeTE	2024-07-13 18:42:55.452+05:30
w38564gfrbafnnmfoan5vverfnqco7mu	.eJx1zDEOwjAMQNG7eK4rJ3Fo3NvYToaqEoIqDKjK3Sns7P-_E1yPvrc3rCdkl1ItKrIURw61orEpaghqN4m1Jv12z5fe-9avJ0zwODZvsEKimQjGBNLIOSdFU72UGA0LM6MzsagUysvyV-H8U8b4AHxOK_c:1sNS5M:iKnWG2HEAZgkHVeeRJDklrViHfRyKySlkPTmPkiCluo	2024-07-13 12:31:24.325+05:30
waryppgbwfr4mxjhxs9ycgk6ucots3lj	eyJjYXJ0a2V5Ijp7fX0:1sMs4j:8h6KJjQO6HJZuukUVNw9huerYfDk0NRgIq4L1Wz8Wag	2024-07-11 22:04:21.648+05:30
wdyjbjtu68o7jww8th5kay1qrhqn6y6k	eyJjYXJ0a2V5Ijp7fX0:1sOGS0:luUVLOZzURTjFqwJbT1DSolSbEhgmiiOEdOd-MBWVLw	2024-07-15 18:18:08.171+05:30
wex1ca8zzp87jzows58dxr7upeuwjb0j	.eJyFzMENwjAMQNFdfK4lnDhu2iHYIXYcqUIqUIUDqrI7MAH3__4JVo5-8zesJ-SLic7UUDwYMnlBnUvCxY1UXFmFft3zVfa-9a-hCR7HZg4rXO-7w5ggBc4ttIShRkW2uGBOkbFGiV7EuWn9MxnjA13LLXI:1s4WGT:HjTiTpeNpy0zn020uhySnArgeVCTyOtUOZSQVVzUyFE	2024-05-22 07:08:37.143+05:30
wj2msar34of80txj0nunxegd4s9zf5cx	eyJjYXJ0a2V5Ijp7fX0:1sOBuN:ulKnfvdluJZOqByYjUCFe84SVV8VZyaaDjJy1-ar_4o	2024-07-15 13:27:07.263+05:30
wo6tf5b4ggtcojfefazxdtkbx2jqxhd2	eyJjYXJ0a2V5Ijp7IjVjOThkYjJhLTQ5OGMtNDFkZC1iNGJhLWExMWFiNjkyZGQzYSI6eyJxdWFudGl0eSI6MSwicHJpY2UiOiIzMC4wMCJ9fX0:1sMqgi:wrYjlEeRXtbJf4sDIadjZ7PRsU8TitufUciUg2yD_1A	2024-07-11 20:35:28.736+05:30
wvrh5znle45dwb3dso693wumpmbxyrs4	eyJjYXJ0a2V5Ijp7Ijg3YzQ2NGNiLWVmYjEtNGI3Ni04NmE0LTQxN2U4MjQ5ZDZmMSI6eyJxdWFudGl0eSI6MywicHJpY2UiOiIyMS41MCJ9fX0:1sNl0d:m6fSkBi7lD7Qbt68t3fIY6rzAnKmc8tuStusEYtdyE8	2024-07-14 08:43:47.551+05:30
wwer4mraxr7q29r8idgkpkiyegv11ywx	eyJjYXJ0a2V5Ijp7IjVjOThkYjJhLTQ5OGMtNDFkZC1iNGJhLWExMWFiNjkyZGQzYSI6eyJxdWFudGl0eSI6MSwicHJpY2UiOiIzMC4wMCJ9fX0:1sOGL3:jKZPj242CYLpW18iRrAIlW1rS0FdpBLeLFUDK_CHF7g	2024-07-15 18:10:57.34+05:30
x9r423fbtd7ef6yc3m9l1q2lj3yxvjfx	eyJvcmRlcl9pZCI6ImIxYjI4ZGVjLWExOWMtNGI1Ni04OWI1LTdmYjQyYjkxNTU4ZCJ9:1sNsdS:RVCiqHC_oaC2kIhnojejsEEYTCKzVpDvnczgF9GwpyM	2024-07-14 16:52:22.191+05:30
xa9cvamqqt39waue19n2v496k03dukkn	.eJyF0E1qQzEMBOC7eB2BLcv6ySF6B1uWIRTSNqSLEt7d65zg7TUfM3ol74_nZ_yl6ytRJhMmBmuOQBYCiq7AS7OugWUOft_9_Pb78_bcmXJJ34-bR7qmj697pOOSUEysFgRuGEATEZTHG6khJRSn6CkSE9m5O_iI3QQHgVY08Fl0BHcWOW9SW8NJe4k3tT0HF9jwCVYwshCh1nKKlBCvlRrUUAHizWmeBFWLWetdOuVTZExv0adBbrJ_UsaAsaZAlSDWZVyWnSDH8Q_1nXpU:1ri6T3:wPere-v_CUvZ3hGTjiMF8D0nZLyDrh0LF3y56TpP-w4	2024-03-21 11:08:57.54+05:30
y5bxn9znvlvf261exa7cww7b8dpahwzq	eyJjYXJ0a2V5Ijp7fX0:1sHGZU:M5EzGyPRlJDWl6UNY_14F5DPNpPfPEuXASZZXsMrpKs	2024-06-26 11:00:56.812+05:30
y9k598is0qguxvivbd0okb409on69r43	eyJvcmRlcl9pZCI6IjVmMTI4OWJmLTgzZWMtNDJlZC05ZDc4LWE0MzRhZWE3ZTQ3MiJ9:1sQM0G:KOlbRFkMU-SlUbIxcu8xISWNhLEQggmqZ9uYf_L6cRM	2024-07-21 12:38:08.813+05:30
ydnpaxbw24okml3e72pow6j2vgtqtjtv	.eJx1jUkKwzAMRe-idRRs53vqZYolOxAKHUy6KCF3r3uA7t9w0KPX1q9bpQvV5rMmWFY1YKA6lrwIL5qLwK9qxdNEWvp-ax-6HJSiIkCF2yqWITFwCmW4NrbkkGtY7Y97vct93_bh2ImefdM2ds7O3tA5UW5G4ZfCUooynBNOAFhhkEtOxsf4twI_m1E5zy8DeTkw:1sMLhT:Snh6M9ueL2xKXROeHtN5qCxdNQJjhETNE9tOQ_NPGAk	2024-07-10 11:30:11.269+05:30
yee7sc6sg4qk0ryba3mceues254popx8	eyJjYXJ0a2V5Ijp7IjllMGM0NTNhLWJhYWMtNDIyYi04NDQ0LWM0MDQ5YTk4MDU3NyI6eyJxdWFudGl0eSI6MSwicHJpY2UiOiI0NS4wMCJ9fX0:1sMqk4:97bUtJDIyVNtU4IyXFu-N1ZUn23k5VlzTTh__aeAW0s	2024-07-11 20:38:56.86+05:30
yf0mpckun0gulkyb3kkxtrdxs7p165t0	.eJx1zDEOwjAMQNG7eK4rJ3Fo3NvYToaqEoIqDKjK3Sns7P-_E1yPvrc3rCdkl1ItKrIURw61orEpaghqN4m1Jv12z5fe-9avJ0zwODZvsEKimQjGBNLIOSdFU72UGA0LM6MzsagUysvyV-H8U8b4AHxOK_c:1sNRD8:8AmIFsDkalRqu-nKQ8AI9Yk6LdNt_kKEJbAkNiIxscU	2024-07-13 11:35:22.46+05:30
yhj75n6qyg1h1ltqagq00332ilnv9h4o	eyJjYXJ0a2V5Ijp7fX0:1sMOT1:T-8QcSPNv1lXn5BS1Nj2JEDwlLXyTDH43Y9csCtoPyY	2024-07-10 14:27:27.816+05:30
yntnvgab493lsher0xzro6qbxxs75fdd	eyJjYXJ0a2V5Ijp7fX0:1sKyNG:d_AcpGw9pOS8je97dRxIREnjooMcjfzqpSGLYJP3zt4	2024-07-06 16:23:38.759+05:30
yp4jphr98lp02qvqyyro2zwumwiwj8ge	.eJyFzM2NAzEIQOFefA6SsfFgUsT2AAxIUaT8aXJYRdP7biqY-3vfp7i-tmv8lvOntFhNFjUI8gbUs8IUZhDhhs5shvrtnm-9bZft_8FTebwuHuVcfu63KPupLCRsmA2sdwIKTFDhAMG1DyUftdshQk1XwSbQRySQG4OujJAjtE7qnjwOEResNsaEWk2AqDrItAm5pDYViZZ-gOz7H4hpVKQ:1s3tgM:KTPi_UwGq_XUMIRnnVJIWCM71-cW-OdSQs4DLqf-TSg	2024-05-20 13:56:46.826+05:30
yt5utz5wy3oe257bhh7alxwuwrsa6wju	.eJx1zDEOwjAMQNG7eK4rJ3Fo3NvYToaqEoIqDKjK3Sns7P-_E1yPvrc3rCdkl1ItKrIURw61orEpaghqN4m1Jv12z5fe-9avJ0zwODZvsEKimQjGBNLIOSdFU72UGA0LM6MzsagUysvyV-H8U8b4AHxOK_c:1sNXmQ:2ZtBEh-ukqq4P9x1Jfoix4ZfHhX3CcfLP2zvoYbO14M	2024-07-13 18:36:14.75+05:30
yw1d4qdc7axaoh2l378anjqgvl9kygg4	.eJx1zDEOwjAMQNG7eK4rJ3Fo3NvYToaqEoIqDKjK3Sns7P-_E1yPvrc3rCdkl1ItKrIURw61orEpaghqN4m1Jv12z5fe-9avJ0zwODZvsEKimQjGBNLIOSdFU72UGA0LM6MzsagUysvyV-H8U8b4AHxOK_c:1sNShp:fSumF-CO8o1N8u3l4kxuQzOpeP2QuhUeZ2sCZZE_DxA	2024-07-13 13:11:09.693+05:30
z3vp8n1jwkrcmlc9zaujmgo6ckkk7gs5	eyJjYXJ0a2V5Ijp7fX0:1sMOdy:ENs0AXm5MZk6EFDtpG2BzEgLGedOTW9_KO8TRH394qM	2024-07-10 14:38:46.22+05:30
ze6kxjv41l7pk0936vgem9r794qu59dl	eyJvcmRlcl9pZCI6Ijk3MTU2YzNlLTQ3ZjQtNDU1Yy1hNjY3LTc0MzM4MjBkOTM1ZSJ9:1sOCNB:JsbErVpW_L_qmJsMRsZBmHaXrqt_QBDZ4ERrwhjk0Zg	2024-07-15 13:56:53.248+05:30
zggz4qi4g536gkmqd7xndedx1p62o80t	.eJyF0FFqAzAIgOG75LlCjInGHWJ3iIlCGXRb6R5G6d2XnSDv-qH_M81xf3z4b3p7poW5sJeAFipQtTdQLxMIw5pyc7H6P_f9M26P62Pv4CV93a_T01t6_7x5el0S7-FYrCDNEapMB8sSoMRcbHIgnZHMQTpoACoXqN4HjCYIxC7YZfGSfETUjI2CwcMV6vAFhmLgzKuXIW2on5HSqBktYKV9ScYOqtHAR3QJc24YR6SY11wbgZtthKVALyt2IlLfYQP93KROQ6eOIHnRfocQOjnBnFGIKcpCPCJjekXfTSJyhlq8w05ksJDW0La8cT8iUzF6lQG0cEI1mqC9IsQU0SXbRzsgr9cfupS4GA:1rhm8J:ex0Uwgr4zkFGQFrDuu-lg32cAenoCv1yAQ-k5TVJclQ	2024-03-20 13:26:11.217+05:30
zgn2spdf6eayzbe093ueygl9s9qbzb8b	eyJvcmRlcl9pZCI6Ijc0NWFlM2E2LWFjMmItNDc4ZS04N2YyLTgwMjYwNjgxZWI3YiJ9:1sOI4A:gxw24DFXz5c0SwY9bPTV9Bv84ZpkJ6LzdgReh6YVkVw	2024-07-15 20:01:38.339+05:30
zlasbectxef95z5mwvaecxwhcefvwh9x	eyJjYXJ0a2V5Ijp7fX0:1sNjpG:iQFHzkoFwo2s1v6qEOHygHltsLv0tcKMWFBg_nFfcaU	2024-07-14 07:27:58.703+05:30
zou4p6ysnrbfnduh0gb3j9dt36zft19f	.eJx1zDEOwjAMQNG7eK4rJ3Fo3NvYToaqEoIqDKjK3Sns7P-_E1yPvrc3rCdkl1ItKrIURw61orEpaghqN4m1Jv12z5fe-9avJ03wODZvsEKimQjGBNLIOSdFU72UGA0LM6MzsagUysvyV-H8U8b4AH0qK_s:1sNjE0:SjUTmhl2TJKUQndjbYLlPCiN2f0VeCNmf0LYuXTmR6Q	2024-07-14 06:49:28.557+05:30
zz8htoqcjvikvsf38tu1k3udu3oo6qui	eyJjYXJ0a2V5Ijp7fX0:1sLQHy:xQRvWJQcWHo59HCo6W8ha-U6O13-puF2pB27RLgqblY	2024-07-07 22:12:02.98+05:30
gdbs87gf9k2m6vfayj226fxhuplci595	eyJvcmRlcl9pZCI6ImY5NDcyZDNjLWE3YzAtNGMwNi1hNDc5LWNkMjkxZjdlY2ViYyJ9:1sQiEw:jus-G5m-NRkOoienRJZUK6DHQsE9eM5SPKoddnSqhdA	2024-07-22 12:22:46.460905+05:30
mq3ar88zyk6arijnw582zk3shu76p55n	eyJvcmRlcl9pZCI6IjBmNWI3OThiLTliNmMtNDc3Mi05NWU5LWZmNDc5ZTQwMjQzMCJ9:1sQiHP:BZ9psaOU5z1Vy3rBcci362GNo4nmUjtTL2ZIICT_8g4	2024-07-22 12:25:19.512815+05:30
fnqnk9wlzvmgez2708d1zkn0vah9pz20	eyJvcmRlcl9pZCI6IjEyNzVmZmUxLWU0OWEtNGNmMS04ZjRmLWIwYTU3ZDQyZDljYSJ9:1sRMRa:eQyhJcawq-MHN_jmXdWE5mZChxrkt0TmVkUojhnqkn4	2024-07-24 07:18:30.035094+05:30
x0qvew1b7mcbf5as95kd51os1snts4cl	.eJx1zksKwzAMhOG7aB0Fyxm_ehvJdiAUShvSRSm5e9Pss5_5-L9Udd3u_UO3L5XuKsKkbKqV4b1xBsAVDkVLdiGl_-711se2bMdHBnquS-10I4TROdoHyqkiohr32YRhKXKOCoaknj1Ki7NcKl7GcCqhltzMK6Pko0VaY4Mpq4haLL61SS-VyZ0t-_4DeYc_FA:1sS8w1:63nkOKieAhuIU-IUSIsB4pKQBrFlYL0hPea6DMRAmK4	2024-07-26 11:05:09.862834+05:30
2419abzjhgzpwzccu69qjs1x9i2fgg43	eyJjYXJ0a2V5Ijp7IjllMGM0NTNhLWJhYWMtNDIyYi04NDQ0LWM0MDQ5YTk4MDU3NyI6eyJxdWFudGl0eSI6MSwicHJpY2UiOiI0NS4wMCJ9fX0:1sS8qd:gJKMvzy1nnfMxG-CmAcbfrjs192ZuCNIDjU-dhrB5jU	2024-07-26 10:59:35.183789+05:30
n1s9jwu95qfi79u6ll2vif7y6a3jjz6b	eyJjYXJ0a2V5Ijp7IjVjOThkYjJhLTQ5OGMtNDFkZC1iNGJhLWExMWFiNjkyZGQzYSI6eyJxdWFudGl0eSI6MSwicHJpY2UiOiIzMC4wMCJ9fX0:1sS8sv:u90VZ-hxuw9q73h4H0bsF3Jc1M1v8B-lBDvSH3Fr-Y8	2024-07-26 11:01:57.146616+05:30
9rss7qb7wu216i71ls3sjyogyvjc0rte	eyJjYXJ0a2V5Ijp7IjVjOThkYjJhLTQ5OGMtNDFkZC1iNGJhLWExMWFiNjkyZGQzYSI6eyJxdWFudGl0eSI6MSwicHJpY2UiOiIzMC4wMCJ9fX0:1sS8tf:1lk89cBVVt9P1GuxCv37uvz54DVUcvIlxs2Y8SalTpA	2024-07-26 11:02:43.045833+05:30
hl4yvd9g3xcwxhxdhhuf2qi1dt9vk95x	eyJjYXJ0a2V5Ijp7IjVjOThkYjJhLTQ5OGMtNDFkZC1iNGJhLWExMWFiNjkyZGQzYSI6eyJxdWFudGl0eSI6MSwicHJpY2UiOiIzMC4wMCJ9fX0:1sS8ud:yxuOLaebbD9cVQAZeMZqd0rSkXDnh3VVz5cfd7m5GkA	2024-07-26 11:03:43.552102+05:30
p7c8vcky23flvfngd1d087smrtycfswm	eyJjYXJ0a2V5Ijp7fX0:1u3sQm:pqk-DOl5xtLdGm4pLrUANWdlm_CYOcVYsYB1dNfuN9g	2025-04-27 13:41:08.071574+05:30
eto29b33ms81vs7piz12bmcwab4uhu08	eyJvcmRlcl9pZCI6IjhlMTAxY2RjLTExMGYtNGY4NS04ZTE1LTJiMmY4NzkxMTM5NCJ9:1sS97i:Tl566wqW-SA5cAJEOGsrIWSYyVyC-bI_cYBcXvF2Hh8	2024-07-26 11:17:14.760602+05:30
n3yaz2suhmijld3bxhji4qd06z0zs2gf	eyJvcmRlcl9pZCI6IjkwNGIwMDg5LTZiMDAtNDRmNi05ZjQ5LTVkODhmNTY1ZDVmYiJ9:1sSAdq:aVfOXLwdX-dqsTbVlbvN6qTntrXClJN1WROlqT46ZMk	2024-07-26 12:54:30.261411+05:30
dsc0ypknhxg4li6jztn5s3tmskis7tw0	eyJvcmRlcl9pZCI6ImFkN2I1OTNlLWNlZWMtNGVkNS04NDMyLTgxZWM0YzBkMDQ4NyJ9:1sSAfS:uUPri5_hR7uaL5bPVJ3YH_lyeO8r6gRw8f-GkX9TxyA	2024-07-26 12:56:10.900017+05:30
kdyy55wwpdemh5cmq62yexclxyqby6lo	.eJxVzMsKgzAQRuF3mbUjSfxz820mYwQplFbSRZG8u3ZV3J_zHaSyt0f90nxQrkbhJ-EiogznCicArDDIkpPxMf6690eebWvXYwd67ZtWmgl-NIb6QCkqArRwXYtllBg4BQHDxpoc8hJWe1emv-Ls6C-l9xMNxCst:1sSAkC:lUQQHkUhZ4l3di16vl6XGDJyl43ph4VmQvh9U1vSI9w	2024-07-26 13:01:04.09358+05:30
1twjfm7lksqj1ddsixnslcrtsg4n8mba	eyJjYXJ0a2V5Ijp7IjllMGM0NTNhLWJhYWMtNDIyYi04NDQ0LWM0MDQ5YTk4MDU3NyI6eyJxdWFudGl0eSI6MywicHJpY2UiOiI0NS4wMCJ9fX0:1sSAkz:6Hgz4OhDdg5lM77l5yx5Ws0gCg18IQ8ifQTJyQZymH4	2024-07-26 13:01:53.439258+05:30
fle34iv8s8uuelws5zr1dte3mwelg47l	eyJjYXJ0a2V5Ijp7IjllMGM0NTNhLWJhYWMtNDIyYi04NDQ0LWM0MDQ5YTk4MDU3NyI6eyJxdWFudGl0eSI6MywicHJpY2UiOiI0NS4wMCJ9fX0:1sSAqQ:FijTsGvciQx09T5nHobspFcYZNjbIgtao5y-e0tyPtY	2024-07-26 13:07:30.679039+05:30
fhv7gkatn1fm358jfndfy9cdb4roj8py	eyJvcmRlcl9pZCI6IjE3YjJiZjJiLWM1Y2EtNDNlMC05NzRkLWNlNzQ5NTAxZWRjZiJ9:1sSAvj:isBWLmjNFLPFUEHfQYuKavWieHMOf9wPB3L5wZ4Z0wg	2024-07-26 13:12:59.22231+05:30
cttfd4fxug3jvw8ocwh7mjk82g4a2ejx	eyJvcmRlcl9pZCI6IjQ0OWNkYTUyLThiNDMtNDBkYi1hODk4LTY0YThjZDBkOWYzNSJ9:1sSAxS:RmT-cGgrSVjOQ3MiFVt_oUPb6ovD3fvWNAvl4_WACy0	2024-07-26 13:14:46.648212+05:30
4o8v1zi71j9b8adg0v95bxrd2gx2zi6i	eyJvcmRlcl9pZCI6IjU1MWI3Mzg5LTMyNDEtNDBhYy1hYzdmLTUyZjQ5NGFlNTIyMyJ9:1sSCDs:U7k-Bwi8tLNqTNNjX41QrZgQUOynrWeS_s231gBHo6g	2024-07-26 14:35:48.916048+05:30
qkjtbk9q7dl3vuci04abytsmgsurzywg	eyJvcmRlcl9pZCI6IjkzNDAzMDE5LWVlZTgtNGFhYS05NTdlLTNiZWEwNmI1Y2U5MyJ9:1sSCIg:jrwATpRdCTAfz-_5WRFtpgRcqXy4Bcn1V1vGuBsrflg	2024-07-26 14:40:46.998711+05:30
ft2b4ukqn09szikp6i9lkhm5fgxop5va	eyJvcmRlcl9pZCI6Ijg3NzA0MWRhLTFiNjUtNGNhZi1hMDIzLWFjNjRjY2MyY2IxMiJ9:1sSCLb:V3mCSV6qJsdAHW-LaFrkECgNLqS0B_nQn7KjqPL01Hg	2024-07-26 14:43:47.28278+05:30
bsvn14uayc4d0bczw535zyyskrzlctlt	eyJjYXJ0a2V5Ijp7IjllMGM0NTNhLWJhYWMtNDIyYi04NDQ0LWM0MDQ5YTk4MDU3NyI6eyJxdWFudGl0eSI6MSwicHJpY2UiOiI0NS4wMCJ9fX0:1sZPmL:nUHcUchTN42GkNELp_ko7D2OHVTAl1e0-_k4Zl9BhYY	2024-08-15 12:29:13.768153+05:30
7v1vwiu99rstjf00f1xj53ra5qceg5aq	.eJxVzMsKgzAQRuF3mbUjSfxz820mYwQplFbSRZG8u3ZV3J_zHaSyt0f90nxQrkbhJ-EiogznCicArDDIkpPxMf6690eebWvXYwd67ZtWmgl-NIb6QCkqArRwXYtllBg4BQHDxpoc8hJWe1emv-Ls6C-l9xMNxCst:1sZPpO:mpgWerW1EDcH27bDPXD0UHQnIz4vM85ar0WMtV5-BHY	2024-08-15 12:32:22.299691+05:30
o2cvmhur2839zxk8u1jzke3rz1wmadzs	eyJjYXJ0a2V5Ijp7Ijg3YzQ2NGNiLWVmYjEtNGI3Ni04NmE0LTQxN2U4MjQ5ZDZmMSI6eyJxdWFudGl0eSI6MywicHJpY2UiOiIyMS41MCJ9fX0:1sZR3x:raXVxX-_-u-ZShuuYXjQLyWgI1bEWeneDTPy19ChGvo	2024-08-15 13:51:29.586202+05:30
37flr0fcu2i5os9rwpicsvhlvtb9k971	eyJjYXJ0a2V5Ijp7Ijg3YzQ2NGNiLWVmYjEtNGI3Ni04NmE0LTQxN2U4MjQ5ZDZmMSI6eyJxdWFudGl0eSI6MywicHJpY2UiOiIyMS41MCJ9fX0:1sZR7I:AM9xpqaicr8jH7xx-EpRe57V4CwHfMfqMNaLsG9uIIA	2024-08-15 13:54:56.426101+05:30
k2bp4gqxb8fvs6l8qk1xkk9m9yxfq57m	eyJjYXJ0a2V5Ijp7IjVjOThkYjJhLTQ5OGMtNDFkZC1iNGJhLWExMWFiNjkyZGQzYSI6eyJxdWFudGl0eSI6MywicHJpY2UiOiIzMC4wMCJ9fX0:1sa7xQ:dE8D948iusO2ErVB9hiHCFpX-413DDGOoOQLQUCpuhw	2024-08-17 11:39:36.346641+05:30
9uxlre0kyfqhr4w8j91iqvkawd1akn5r	.eJwVzUsKwzAMANG7aB0VOZYaK5cpsqOCKfRj3EUIvnvT_TzmgFfbvN3qBitEVc9uCcVLQObgaKIR3e9sFKJEv8IExVp_-A7rAepUWKJhNivI85wxMTMWJlbTRLIs_-7ztWev_TRxgnerxc8dy4UIxhg_A20l7g:1saGWF:WVUkPYgCiOXX12cOHCIK4Q7zwg6pWvQpWB4xswJq5pU	2024-08-17 20:48:07.439293+05:30
oxwywiawmloln87nrw6g4l8eolhcuynu	.eJx1zEEKwyAQRuG7zDoT1P7qmNuMUwOhUNpgFyV496QH6P697yDTvT_al5aDSnOGeFOuqsYIobIAYIND0SIu5vzr3h999q1fj5_otW_WaCHE2TkaE0k2JFjltlbPqDmxJAXD5yYB5Z5W_1cJfo6XMsYJDZwrKw:1saS6q:h67GTi-dYlRESWflzmbZ2W9CmkPpqCqOf-wNvRPREj4	2024-08-18 09:10:40.610127+05:30
3e3mwubl50qzdz9qwfaknjinehj4vn10	eyJjYXJ0a2V5Ijp7IjVjOThkYjJhLTQ5OGMtNDFkZC1iNGJhLWExMWFiNjkyZGQzYSI6eyJxdWFudGl0eSI6MywicHJpY2UiOiIzMC4wMCJ9fX0:1sa80c:LKc5ojOnPBrTT4Ul3f2gtGE7oUZ1KfzlgH7YaTWK2l4	2024-08-17 11:42:54.664814+05:30
84xufubummp0gpnr7w9kkouubnoskaw8	eyJjYXJ0a2V5Ijp7IjVjOThkYjJhLTQ5OGMtNDFkZC1iNGJhLWExMWFiNjkyZGQzYSI6eyJxdWFudGl0eSI6MywicHJpY2UiOiIzMC4wMCJ9fX0:1sa877:0zbSlQUuf2gTQOO-Odex20WafbjG52_YA8N5DrxYZzc	2024-08-17 11:49:37.803125+05:30
rz49i5xc4yw2f785xeg2vimktq2d0sa2	eyJjYXJ0a2V5Ijp7Ijg3YzQ2NGNiLWVmYjEtNGI3Ni04NmE0LTQxN2U4MjQ5ZDZmMSI6eyJxdWFudGl0eSI6MywicHJpY2UiOiIyMS41MCJ9fX0:1sa8At:xc3TrtrYVIQ4lLzrDOyWnrmyEqBS141Uj2xIOm5dwX0	2024-08-17 11:53:31.687844+05:30
5uzjtpy3x3dttow13fuwnfa0thne24rg	eyJjYXJ0a2V5Ijp7IjVjOThkYjJhLTQ5OGMtNDFkZC1iNGJhLWExMWFiNjkyZGQzYSI6eyJxdWFudGl0eSI6MywicHJpY2UiOiIzMC4wMCJ9fX0:1sa8Dx:51BD2W-QHhAmUI1MH6y0etmZLL6z0qjiI89nmMFhJeI	2024-08-17 11:56:41.520262+05:30
lxawjh8v96q55g2mpqct5mw2lar77mfp	eyJjYXJ0a2V5Ijp7IjVjOThkYjJhLTQ5OGMtNDFkZC1iNGJhLWExMWFiNjkyZGQzYSI6eyJxdWFudGl0eSI6MSwicHJpY2UiOiIzMC4wMCJ9fX0:1sa8IK:N2JnpTib-e4urTs1ZdKNvEPEmw7-zP_p86wBKqR3qX0	2024-08-17 12:01:12.587977+05:30
5jjs7pnujlmwssguh38a9scw8osge0xb	eyJjYXJ0a2V5Ijp7IjVjOThkYjJhLTQ5OGMtNDFkZC1iNGJhLWExMWFiNjkyZGQzYSI6eyJxdWFudGl0eSI6MSwicHJpY2UiOiIzMC4wMCJ9fX0:1sa8JM:Av8iLaIpPDRggX0hq_t1avlzNbPJM1jbITy2GnFLA3s	2024-08-17 12:02:16.355855+05:30
92vl9l49ebmisdf7hpsjidgu58zvb3ve	eyJjYXJ0a2V5Ijp7IjVjOThkYjJhLTQ5OGMtNDFkZC1iNGJhLWExMWFiNjkyZGQzYSI6eyJxdWFudGl0eSI6MywicHJpY2UiOiIzMC4wMCJ9fX0:1sa8N3:RgUPxAdDTUUCNhS6q2iFE-Qdwnf2Ejbj7EoKs-89API	2024-08-17 12:06:05.394726+05:30
uk7zpqfl3916u2r0p1a03b9gn2pru4nm	eyJjYXJ0a2V5Ijp7fX0:1sa8Qq:V8ZU4l5zEnXdHQ4MWM2EANxqQ7ewnjw_OSFuqyVhrKE	2024-08-17 12:10:00.070827+05:30
i4hepqsqdljq0mp6m6lzinamd1v9urng	eyJjYXJ0a2V5Ijp7Ijg3YzQ2NGNiLWVmYjEtNGI3Ni04NmE0LTQxN2U4MjQ5ZDZmMSI6eyJxdWFudGl0eSI6MywicHJpY2UiOiIyMS41MCJ9fX0:1sa8Sa:SeidABi3jzCpih83UI2rcwh-pKFSnBZ4k-d1VhfoZsw	2024-08-17 12:11:48.439767+05:30
7hyt9591gs8pn6994kf40vapxmxkg8l7	eyJjYXJ0a2V5Ijp7IjVjOThkYjJhLTQ5OGMtNDFkZC1iNGJhLWExMWFiNjkyZGQzYSI6eyJxdWFudGl0eSI6MywicHJpY2UiOiIzMC4wMCJ9fX0:1sa8Tg:P5E4fMSHiUmtkqodCrio7pSyRLIBjcmsMewtADBQWbg	2024-08-17 12:12:56.975915+05:30
53b4z3myfypmwwpc86n6krurn7e7enee	eyJjYXJ0a2V5Ijp7IjVjOThkYjJhLTQ5OGMtNDFkZC1iNGJhLWExMWFiNjkyZGQzYSI6eyJxdWFudGl0eSI6MywicHJpY2UiOiIzMC4wMCJ9fX0:1sa8Ue:RpxGzUFYuziTaIGcHIWrsmC4bqQVAvGRSUbcCXodtNE	2024-08-17 12:13:56.061237+05:30
m8diyco6hn539uljcd42x2mdduipn3ea	eyJjYXJ0a2V5Ijp7IjVjOThkYjJhLTQ5OGMtNDFkZC1iNGJhLWExMWFiNjkyZGQzYSI6eyJxdWFudGl0eSI6MiwicHJpY2UiOiIzMC4wMCJ9fX0:1sa8VX:S-vd1bjRlvgI9zFmyaW_MWUqCk9u57YJ51HJ3w03Olg	2024-08-17 12:14:51.920304+05:30
z8sg0ka2s05s1e38wffd6cilfl1thzle	eyJvcmRlcl9pZCI6ImY4ZWYzNGRjLWNmNjQtNDFmYy1iOWZhLWRlMjc0M2VlZThjOCJ9:1saSmX:ohpVIN-e54e1_IUi1ZGDEqa_IXOlUNbcpYa79UdMmBg	2024-08-18 09:53:45.228622+05:30
iu2iyrem8o6lubu5ibasdvzgi1slzwdw	.eJxVzMsKgzAQRuF3mbUjSfxz820mYwQplFbSRZG8u3ZV3J_zHaSyt0f90nxQrkbhJ-EiogznCicArDDIkpPxMf6690eebWvX4wZ67ZtWmgl-NIb6QCkqArRwXYtllBg4BQHDxpoc8hJWe1emv-Ls6C-l9xMOHisu:1sa8Wa:AddoTLa2rW58NOrPjLlUnorzW8YW7MIvhp6EESrhObc	2024-08-17 12:15:56.161039+05:30
e1rp4rlbsmcrj3fkl1nykgq7i57i69h0	.eJx1zEEKwyAQRuG7zDoT1P7qmNuMUwOhUNpgFyV496QH6P697yDTvT_al5aDSnOGeFOuqsYIobIAYIND0SIu5vzr3h999q1fj5_otW_WaCHE2TkaE0k2JFjltlbPqDmxJAXD5yYB5Z5W_1cJfo6XMsYJDZwrKw:1sa8YG:zDyjJsygpFOa2ZKY58PVlwvxhR0FBTVTA4z5BeIU9G0	2024-08-17 12:17:40.454462+05:30
9w8sxq9srm18dhjivmq647xxqtdyi8yg	eyJjYXJ0a2V5Ijp7Ijg3YzQ2NGNiLWVmYjEtNGI3Ni04NmE0LTQxN2U4MjQ5ZDZmMSI6eyJxdWFudGl0eSI6MywicHJpY2UiOiIyMS41MCJ9fX0:1sa8Zh:wTIevryzqY_PHpJGLKFGnOiLn1rQ2ulm9mqlU60y0VQ	2024-08-17 12:19:09.899549+05:30
wq62vg7q685b9cw2c4ksfymemqpa1s8u	eyJvcmRlcl9pZCI6IjM5YzgyNzMwLTdiYjktNDM0Mi05ZjdiLWJiMzU0NGU4MjFmMiJ9:1saSsP:pWovsW_uWU01e4I1vmoq8V_hjAYHHpADvYgW00GLSXs	2024-08-18 09:59:49.804601+05:30
knoicqg9nkyovyzz3x9af43ha6q5j9ad	eyJjYXJ0a2V5Ijp7Ijg3YzQ2NGNiLWVmYjEtNGI3Ni04NmE0LTQxN2U4MjQ5ZDZmMSI6eyJxdWFudGl0eSI6MywicHJpY2UiOiIyMS41MCJ9fX0:1sa8c4:8N2x0FixJR4dNBSki6rGBeiDnClMwfHbgVqBHaslirY	2024-08-17 12:21:36.947551+05:30
8hpg5eazos00obrdjr2j2dbs4na49f3c	eyJjYXJ0a2V5Ijp7Ijg3YzQ2NGNiLWVmYjEtNGI3Ni04NmE0LTQxN2U4MjQ5ZDZmMSI6eyJxdWFudGl0eSI6MywicHJpY2UiOiIyMS41MCJ9fX0:1saEGK:q-acby5bjNW3izvo6KhHpRqXUTrSVmxXp5y0rzzNk_E	2024-08-17 18:23:32.987005+05:30
4mbuumig4puitp3792gxeata49txbms5	eyJvcmRlcl9pZCI6IjkxNjhiOGI0LTIwZDItNDM1Yi1hZDlhLWJlNTA0NTFlM2UwNSJ9:1t7UH1:uPy0vHVo_5yjR8VJPrB3Zk5DgmxERplnjuq4eyAfpmg	2024-11-17 12:09:43.202878+05:30
7a8dgm76wr3z2iv9sjr3dfjuqk9hih5l	eyJvcmRlcl9pZCI6ImRjZDMwOTEwLWQ3YTYtNGM0NS04NWIyLTAwMDljNjcxNGNjNCJ9:1ti5Gl:8wz4v4oEKhK_59hzEGsjqZx0lSPfZA6WfwYa1hUI6gM	2025-02-26 10:56:43.880408+05:30
r3w4rl5im8l4c81dsyxl2uqtmhjviiaf	eyJjYXJ0a2V5Ijp7fX0:1u4YSR:ecEZb4C32CoR8lEXEA2qygim_vVv268lJgvbwnbPLDE	2025-04-29 10:33:39.996578+05:30
wpi3khsjyrjr983bolzunssjqic2kk1q	eyJvcmRlcl9pZCI6IjRhZWExNDg1LTM2MjMtNDFlMy05MGJiLTlmMzg0YjM0ZmMyNyIsImNhcnRrZXkiOnt9fQ:1tkxTy:gzmIf6m9SV5EUbYoAnDKzi_Zj9siCqYTbVbsfe7_FDs	2025-03-06 09:14:14.409503+05:30
6nq7n3qb5x9hvw28677rwxh3zwijdvr1	eyJvcmRlcl9pZCI6IjlkMjI5NDY1LWRkNzAtNDIyNS1iMjM3LWE0ZDNjZWE1NWFkYSIsImNhcnRrZXkiOnt9fQ:1tkycZ:ot6CeH-PwKQXu5GgXsaK3sDGl3UGroyj2F4LdEjRb8M	2025-03-06 10:27:11.405833+05:30
\.


--
-- Data for Name: orders_order; Type: TABLE DATA; Schema: public; Owner: shop
--

COPY public.orders_order (first_name, last_name, email, address, postal_code, city, created, updated, paid, id, stripe_id) FROM stdin;
Sam	Tally	sam_tally@gmail.com	12 haunt lane, USA	2346009	California	2024-07-08 11:56:11.504+05:30	2024-07-08 11:56:11.504+05:30	f	28a3f0b0-cb68-4611-9a43-d1a87d9f0f2d	
Cersi	Brathien	cersi_barethien@gmail.com	12 haunt lane, USA	2346009	California	2024-07-08 12:22:46.460905+05:30	2024-07-08 12:22:46.460905+05:30	f	f9472d3c-a7c0-4c06-a479-cd291f7ecebc	
Jon	Snow	jonsnow@gmail.com	12 moula, tokyo	2346009	Tokiyo	2024-07-08 12:25:19.504297+05:30	2024-07-08 12:25:19.504297+05:30	f	0f5b798b-9b6c-4772-95e9-ff479e402430	
Sam	Tally	sam_tally@gmail.com	12 moula, tokyo	2346009	Tokiyo	2024-07-10 07:18:30.019429+05:30	2024-07-10 07:18:30.019429+05:30	f	1275ffe1-e49a-4cf1-8f4f-b0a57d42d9ca	
sadique	naikwadi	sadique.naikwadi@gmail.com	12 JM Road	411057	Mumbai	2024-07-10 08:12:20.445658+05:30	2024-07-10 08:12:20.445658+05:30	f	f61ee0cd-1aba-479a-be7e-bd462c8b093d	
sadique	naikwadi	sadique.naikwadi@gmail.com	12 moula, tokyo	411057	Tokiyo	2024-07-12 11:17:14.728811+05:30	2024-07-12 11:17:14.728811+05:30	f	8e101cdc-110f-4f85-8e15-2b2f87911394	
Sam	Tally	sam_tally@gmail.com	12 haunt lane, USA	2346009	California	2024-07-12 12:54:30.245776+05:30	2024-07-12 12:54:30.245776+05:30	f	904b0089-6b00-44f6-9f49-5d88f565d5fb	
sadique	naikwadi	sadique.naikwadi@gmail.com	12 moula, tokyo	2346009	Tokiyo	2024-07-12 12:56:10.884355+05:30	2024-07-12 12:56:10.884355+05:30	f	ad7b593e-ceec-4ed5-8432-81ec4c0d0487	
sadique	naikwadi	sadique.naikwadi@gmail.com	12 haunt lane, USA	2346009	California	2024-07-12 13:12:59.206672+05:30	2024-07-12 13:12:59.206672+05:30	f	17b2bf2b-c5ca-43e0-974d-ce749501edcf	
Sam	Tally	sam_tally@gmail.com	12 moula, tokyo	2346009	Tokiyo	2024-07-12 13:14:46.635893+05:30	2024-07-12 13:14:46.635893+05:30	f	449cda52-8b43-40db-a898-64a8cd0d9f35	
joffery	Brathien	joffery@gmail.com	12 haunt lane, USA	2346009	California	2024-07-12 14:35:48.908742+05:30	2024-07-12 14:35:48.908742+05:30	f	551b7389-3241-40ac-ac7f-52f494ae5223	
Tarley	Hamilton	tarley_hamilton@gmail.com	12, paul street	447895	New York	2024-07-12 14:40:46.98412+05:30	2024-07-12 14:40:46.98412+05:30	f	93403019-eee8-4aaa-957e-3bea06b5ce93	
Nuro	tibbet	nuro_tibbet@gmail.com	23, shaun street	330056	Hong Kong	2024-07-12 14:43:47.28278+05:30	2024-07-12 14:43:47.28278+05:30	f	877041da-1b65-4caf-a023-ac64ccc2cb12	
sameul	mathews	sameul@gmail.com	12, paul street	53345523	California	2024-08-03 20:45:20.384357+05:30	2024-08-03 20:45:20.384357+05:30	f	399ebea8-5ec1-441e-a593-eef4a01353e6	
Jasmine	Lokhande	jasmine@gmail.com	123, Paul street	23555784	California	2024-08-04 09:35:59.355401+05:30	2024-08-04 09:35:59.355401+05:30	f	2765ab26-1fc2-44cd-9332-5609893eb40d	
Jasmine	Lokhande	jasmine@gmail.com	123, Paul street	23555784	California	2024-08-04 09:38:57.846463+05:30	2024-08-04 09:38:57.846463+05:30	f	1c84ad6e-29fd-4fc1-827d-fdd6ef26fc23	
Jasmine	Lokhande	jasmine@gmail.com	123, Paul street	23555784	California	2024-08-04 09:53:45.212975+05:30	2024-08-04 09:53:45.212975+05:30	f	f8ef34dc-cf64-41fc-b9fa-de2743eee8c8	
Jona	sameul	jona@gmail.com	122 Paul street	33555689	Tokiyo	2024-08-04 09:59:49.798587+05:30	2024-08-04 09:59:49.798587+05:30	f	39c82730-7bb9-4342-9f7b-bb3544e821f2	
sadique	naikwadi	sadique@gmail.com	123- N	411029	California	2024-11-03 12:09:43.186848+05:30	2024-11-03 12:09:43.186848+05:30	f	9168b8b4-20d2-435b-ad9a-be50451e3e05	
sam	bahadhur	sam_bahadur@gmail.com	worli, bombay	411001	Bombay	2025-02-12 10:56:43.854799+05:30	2025-02-12 10:56:43.854799+05:30	f	dcd30910-d7a6-4c45-85b2-0009c6714cc4	
Jenefer	Lawerence	jenefer@gmail.com	high street,123 aveneue	55447723	London	2025-02-13 08:24:32.952854+05:30	2025-02-13 08:24:32.952854+05:30	f	0d078d73-2c51-4846-9407-4c6554c863e3	
sabir	mulla	sabrin@gmail.com	123 aveneue	411014	solpaur	2025-02-16 13:03:28.228294+05:30	2025-02-16 13:03:28.228294+05:30	f	42583850-13c9-451c-af64-d06b0d4afbd2	
Jenefer	Lawerence	jenefer@gmail.com	high street,123 aveneue	55447723	London	2025-02-20 09:07:52.950143+05:30	2025-02-20 09:07:52.950143+05:30	f	d9f2eb2d-157b-49a3-8702-ea2215c4be04	
Jenefer	Lawerence	jenefer@gmail.com	123 aveneue	55447723	London	2025-02-20 09:11:32.147414+05:30	2025-02-20 09:11:32.147414+05:30	f	4aea1485-3623-41e3-90bb-9f384b34fc27	
sabir	mulla	sabrin@gmail.com	123 aveneue	411014	solpaur	2025-02-20 10:26:20.367595+05:30	2025-02-20 10:26:20.367595+05:30	f	9d229465-dd70-4225-b237-a4d3cea55ada	
john	mathews	john@gmail.com	New York Lane	2255417	USA	2025-04-13 08:03:33.378471+05:30	2025-04-13 08:03:33.378471+05:30	f	acea11a5-e7fa-4f47-aa84-3f122c8abd92	
john	mathews	john@gmail.com	New York Lane	2255417	USA	2025-04-13 12:23:40.560314+05:30	2025-04-13 12:23:40.560314+05:30	f	ba66f092-07f4-4e0f-bf01-64fc68c4c919	
john	mathews	john@gmail.com	New York Lane	2255417	USA	2025-04-14 07:39:18.966121+05:30	2025-04-14 07:39:18.966121+05:30	f	21bae087-d257-4f09-b4ee-321c04355fec	
\.


--
-- Data for Name: orders_orderitems; Type: TABLE DATA; Schema: public; Owner: shop
--

COPY public.orders_orderitems (price, quantity, id, order_id, product_id) FROM stdin;
45.00	2	a879641b-eac3-409e-8852-74c7a9d2c899	ba66f092-07f4-4e0f-bf01-64fc68c4c919	64063ff6-d92f-4303-93cf-c90bdbf7e207
30.00	2	87863c19-74ba-476a-8d60-93fc92386167	ba66f092-07f4-4e0f-bf01-64fc68c4c919	1b50ed22-0dc0-42d6-b673-15eb91960581
21.50	3	3c331ba1-a4a0-4ed7-b3b2-75746506d401	21bae087-d257-4f09-b4ee-321c04355fec	dd47fc1e-473f-4003-b173-8f4af86aa304
\.


--
-- Data for Name: shop_category; Type: TABLE DATA; Schema: public; Owner: shop
--

COPY public.shop_category (id) FROM stdin;
9d742efe-10df-43f9-a9a6-88fc94e857fb
\.


--
-- Data for Name: shop_category_translation; Type: TABLE DATA; Schema: public; Owner: shop
--

COPY public.shop_category_translation (id, language_code, name, slug, master_id) FROM stdin;
1	en	Tea	tea	9d742efe-10df-43f9-a9a6-88fc94e857fb
2	ja	熱い お茶	熱い-お茶	9d742efe-10df-43f9-a9a6-88fc94e857fb
\.


--
-- Data for Name: shop_product; Type: TABLE DATA; Schema: public; Owner: shop
--

COPY public.shop_product (image, price, available, created_on, updated_on, id, category_id) FROM stdin;
products/matcha-co-pC16vUGYCL4-unsplash.jpg	21.50	t	2025-04-13 11:57:00.75419+05:30	2025-04-14 07:33:58.114345+05:30	dd47fc1e-473f-4003-b173-8f4af86aa304	9d742efe-10df-43f9-a9a6-88fc94e857fb
products/gabi-miranda-d2l4XbFILG8-unsplash.jpg	45.00	t	2025-04-13 11:55:32.830505+05:30	2025-04-14 07:35:36.408734+05:30	64063ff6-d92f-4303-93cf-c90bdbf7e207	9d742efe-10df-43f9-a9a6-88fc94e857fb
products/jia-ye-waTzoTvrFFs-unsplash.jpg	30.00	t	2025-04-13 11:56:16.466548+05:30	2025-04-14 07:37:05.49072+05:30	1b50ed22-0dc0-42d6-b673-15eb91960581	9d742efe-10df-43f9-a9a6-88fc94e857fb
\.


--
-- Data for Name: shop_product_translation; Type: TABLE DATA; Schema: public; Owner: shop
--

COPY public.shop_product_translation (id, language_code, name, slug, description, master_id) FROM stdin;
22	en	Red Tea	red-tea	Rooibos is sometimes referred to as red tea, due to the reddish color of the tea leaves and the tea when brewed, as well as to the historical etymology of the word. Rooibos is Dutch for “red bush,” and is sometimes also called “red bush tea" colloquially. Rooibos tea is made from the needle-like leaves of aspalathus linearis, a plant that grows in a mountainous region near the South African Atlantic coast. Owing to the unique climate and soil conditions of the region, aspalathus linearis is extremely difficult to grow in other places. Rooibos has been enjoyed for many generations in South Africa, which continues to be its premier exporter around the world.	64063ff6-d92f-4303-93cf-c90bdbf7e207
23	en	Green Tea	green-tea	Green tea is a type of tea that is made from Camellia sinensis leaves and buds that have not undergone the same withering and oxidation process which is used to make oolong teas and black teas.[1] Green tea originated in China, and since then its production and manufacture has spread to other countries in East Asia.	1b50ed22-0dc0-42d6-b673-15eb91960581
24	en	Tea Powder	tea-powder	Tea Powder is a powdered form of tea leaves obtained from the Camellia Sinensis plant. The tea leaves are dried and processed to powder. Tea powder can be in the form of thick granules or fine powder. The flavour, color, aroma, and astringency may vary according to the variety of tea. It is often mixed with dried ginger, cardamom, cloves, black pepper, nutmeg powder and saffron for the additional flavour and aroma. It can be infused with hot water and served with milk and sugar, or without milk as black tea.	dd47fc1e-473f-4003-b173-8f4af86aa304
25	ja	お茶 粉	お茶-粉	ティーパウダーは、チャノキ科カメリアシネンシス属の茶葉を粉末状にしたものです。茶葉は乾燥され、粉末状に加工されます。粉末茶は、粒状または細粒状です。風味、色、香り、渋みは茶の種類によって異なります。風味と香りを増すために、乾燥ショウガ、カルダモン、クローブ、黒コショウ、ナツメグパウダー、サフランなどが混ぜられることがよくあります。熱湯で抽出し、ミルクと砂糖を入れて飲むことも、ミルクを入れずに紅茶として飲むこともできます。	dd47fc1e-473f-4003-b173-8f4af86aa304
26	ja	赤 お茶	赤-お茶	ルイボスは、茶葉と淹れた時の赤みがかった色、そしてその歴史的な語源から、レッドティーと呼ばれることもあります。ルイボスとはオランダ語で「赤い茂み」を意味し、口語では「レッドブッシュティー」と呼ばれることもあります。ルイボスティーは、南アフリカの大西洋岸近くの山岳地帯に生育するアスパラサス・リネアリスという植物の針状の葉から作られます。この地域の独特の気候と土壌条件のため、アスパラサス・リネアリスは他の地域で栽培するのが非常に困難です。ルイボスは南アフリカで何世代にもわたって愛飲されており、現在も世界有数のルイボス輸出国となっています。	64063ff6-d92f-4303-93cf-c90bdbf7e207
27	ja	緑 お茶	緑-お茶	緑茶は、ウーロン茶や紅茶を作るのに使われるのと同じ萎凋と酸化のプロセスを経ていないチャノキの葉と芽から作られるお茶の一種です。[1] 緑茶は中国で生まれ、その後その生産と製造は東アジアの他の国々に広がりました。	1b50ed22-0dc0-42d6-b673-15eb91960581
\.


--
-- Name: auth_group_id_seq; Type: SEQUENCE SET; Schema: public; Owner: shop
--

SELECT pg_catalog.setval('public.auth_group_id_seq', 1, false);


--
-- Name: auth_group_permissions_id_seq; Type: SEQUENCE SET; Schema: public; Owner: shop
--

SELECT pg_catalog.setval('public.auth_group_permissions_id_seq', 1, false);


--
-- Name: auth_permission_id_seq; Type: SEQUENCE SET; Schema: public; Owner: shop
--

SELECT pg_catalog.setval('public.auth_permission_id_seq', 44, true);


--
-- Name: auth_user_groups_id_seq; Type: SEQUENCE SET; Schema: public; Owner: shop
--

SELECT pg_catalog.setval('public.auth_user_groups_id_seq', 1, false);


--
-- Name: auth_user_id_seq; Type: SEQUENCE SET; Schema: public; Owner: shop
--

SELECT pg_catalog.setval('public.auth_user_id_seq', 1, true);


--
-- Name: auth_user_user_permissions_id_seq; Type: SEQUENCE SET; Schema: public; Owner: shop
--

SELECT pg_catalog.setval('public.auth_user_user_permissions_id_seq', 1, false);


--
-- Name: django_admin_log_id_seq; Type: SEQUENCE SET; Schema: public; Owner: shop
--

SELECT pg_catalog.setval('public.django_admin_log_id_seq', 154, true);


--
-- Name: django_content_type_id_seq; Type: SEQUENCE SET; Schema: public; Owner: shop
--

SELECT pg_catalog.setval('public.django_content_type_id_seq', 12, true);


--
-- Name: django_migrations_id_seq; Type: SEQUENCE SET; Schema: public; Owner: shop
--

SELECT pg_catalog.setval('public.django_migrations_id_seq', 26, true);


--
-- Name: shop_category_translation_id_seq; Type: SEQUENCE SET; Schema: public; Owner: shop
--

SELECT pg_catalog.setval('public.shop_category_translation_id_seq', 2, true);


--
-- Name: shop_product_translation_id_seq; Type: SEQUENCE SET; Schema: public; Owner: shop
--

SELECT pg_catalog.setval('public.shop_product_translation_id_seq', 27, true);


--
-- Name: auth_group auth_group_name_key; Type: CONSTRAINT; Schema: public; Owner: shop
--

ALTER TABLE ONLY public.auth_group
    ADD CONSTRAINT auth_group_name_key UNIQUE (name);


--
-- Name: auth_group_permissions auth_group_permissions_group_id_permission_id_0cd325b0_uniq; Type: CONSTRAINT; Schema: public; Owner: shop
--

ALTER TABLE ONLY public.auth_group_permissions
    ADD CONSTRAINT auth_group_permissions_group_id_permission_id_0cd325b0_uniq UNIQUE (group_id, permission_id);


--
-- Name: auth_group_permissions auth_group_permissions_pkey; Type: CONSTRAINT; Schema: public; Owner: shop
--

ALTER TABLE ONLY public.auth_group_permissions
    ADD CONSTRAINT auth_group_permissions_pkey PRIMARY KEY (id);


--
-- Name: auth_group auth_group_pkey; Type: CONSTRAINT; Schema: public; Owner: shop
--

ALTER TABLE ONLY public.auth_group
    ADD CONSTRAINT auth_group_pkey PRIMARY KEY (id);


--
-- Name: auth_permission auth_permission_content_type_id_codename_01ab375a_uniq; Type: CONSTRAINT; Schema: public; Owner: shop
--

ALTER TABLE ONLY public.auth_permission
    ADD CONSTRAINT auth_permission_content_type_id_codename_01ab375a_uniq UNIQUE (content_type_id, codename);


--
-- Name: auth_permission auth_permission_pkey; Type: CONSTRAINT; Schema: public; Owner: shop
--

ALTER TABLE ONLY public.auth_permission
    ADD CONSTRAINT auth_permission_pkey PRIMARY KEY (id);


--
-- Name: auth_user_groups auth_user_groups_pkey; Type: CONSTRAINT; Schema: public; Owner: shop
--

ALTER TABLE ONLY public.auth_user_groups
    ADD CONSTRAINT auth_user_groups_pkey PRIMARY KEY (id);


--
-- Name: auth_user_groups auth_user_groups_user_id_group_id_94350c0c_uniq; Type: CONSTRAINT; Schema: public; Owner: shop
--

ALTER TABLE ONLY public.auth_user_groups
    ADD CONSTRAINT auth_user_groups_user_id_group_id_94350c0c_uniq UNIQUE (user_id, group_id);


--
-- Name: auth_user auth_user_pkey; Type: CONSTRAINT; Schema: public; Owner: shop
--

ALTER TABLE ONLY public.auth_user
    ADD CONSTRAINT auth_user_pkey PRIMARY KEY (id);


--
-- Name: auth_user_user_permissions auth_user_user_permissions_pkey; Type: CONSTRAINT; Schema: public; Owner: shop
--

ALTER TABLE ONLY public.auth_user_user_permissions
    ADD CONSTRAINT auth_user_user_permissions_pkey PRIMARY KEY (id);


--
-- Name: auth_user_user_permissions auth_user_user_permissions_user_id_permission_id_14a6b632_uniq; Type: CONSTRAINT; Schema: public; Owner: shop
--

ALTER TABLE ONLY public.auth_user_user_permissions
    ADD CONSTRAINT auth_user_user_permissions_user_id_permission_id_14a6b632_uniq UNIQUE (user_id, permission_id);


--
-- Name: auth_user auth_user_username_key; Type: CONSTRAINT; Schema: public; Owner: shop
--

ALTER TABLE ONLY public.auth_user
    ADD CONSTRAINT auth_user_username_key UNIQUE (username);


--
-- Name: django_admin_log django_admin_log_pkey; Type: CONSTRAINT; Schema: public; Owner: shop
--

ALTER TABLE ONLY public.django_admin_log
    ADD CONSTRAINT django_admin_log_pkey PRIMARY KEY (id);


--
-- Name: django_content_type django_content_type_app_label_model_76bd3d3b_uniq; Type: CONSTRAINT; Schema: public; Owner: shop
--

ALTER TABLE ONLY public.django_content_type
    ADD CONSTRAINT django_content_type_app_label_model_76bd3d3b_uniq UNIQUE (app_label, model);


--
-- Name: django_content_type django_content_type_pkey; Type: CONSTRAINT; Schema: public; Owner: shop
--

ALTER TABLE ONLY public.django_content_type
    ADD CONSTRAINT django_content_type_pkey PRIMARY KEY (id);


--
-- Name: django_migrations django_migrations_pkey; Type: CONSTRAINT; Schema: public; Owner: shop
--

ALTER TABLE ONLY public.django_migrations
    ADD CONSTRAINT django_migrations_pkey PRIMARY KEY (id);


--
-- Name: django_session django_session_pkey; Type: CONSTRAINT; Schema: public; Owner: shop
--

ALTER TABLE ONLY public.django_session
    ADD CONSTRAINT django_session_pkey PRIMARY KEY (session_key);


--
-- Name: orders_orderitems orders_oderitems_pkey; Type: CONSTRAINT; Schema: public; Owner: shop
--

ALTER TABLE ONLY public.orders_orderitems
    ADD CONSTRAINT orders_oderitems_pkey PRIMARY KEY (id);


--
-- Name: orders_order orders_order_pkey; Type: CONSTRAINT; Schema: public; Owner: shop
--

ALTER TABLE ONLY public.orders_order
    ADD CONSTRAINT orders_order_pkey PRIMARY KEY (id);


--
-- Name: shop_category shop_category_pkey; Type: CONSTRAINT; Schema: public; Owner: shop
--

ALTER TABLE ONLY public.shop_category
    ADD CONSTRAINT shop_category_pkey PRIMARY KEY (id);


--
-- Name: shop_category_translation shop_category_translation_language_code_master_id_0de880c9_uniq; Type: CONSTRAINT; Schema: public; Owner: shop
--

ALTER TABLE ONLY public.shop_category_translation
    ADD CONSTRAINT shop_category_translation_language_code_master_id_0de880c9_uniq UNIQUE (language_code, master_id);


--
-- Name: shop_category_translation shop_category_translation_pkey; Type: CONSTRAINT; Schema: public; Owner: shop
--

ALTER TABLE ONLY public.shop_category_translation
    ADD CONSTRAINT shop_category_translation_pkey PRIMARY KEY (id);


--
-- Name: shop_category_translation shop_category_translation_slug_key; Type: CONSTRAINT; Schema: public; Owner: shop
--

ALTER TABLE ONLY public.shop_category_translation
    ADD CONSTRAINT shop_category_translation_slug_key UNIQUE (slug);


--
-- Name: shop_product shop_product_pkey; Type: CONSTRAINT; Schema: public; Owner: shop
--

ALTER TABLE ONLY public.shop_product
    ADD CONSTRAINT shop_product_pkey PRIMARY KEY (id);


--
-- Name: shop_product_translation shop_product_translation_language_code_master_id_c0738031_uniq; Type: CONSTRAINT; Schema: public; Owner: shop
--

ALTER TABLE ONLY public.shop_product_translation
    ADD CONSTRAINT shop_product_translation_language_code_master_id_c0738031_uniq UNIQUE (language_code, master_id);


--
-- Name: shop_product_translation shop_product_translation_pkey; Type: CONSTRAINT; Schema: public; Owner: shop
--

ALTER TABLE ONLY public.shop_product_translation
    ADD CONSTRAINT shop_product_translation_pkey PRIMARY KEY (id);


--
-- Name: shop_product_translation shop_product_translation_slug_key; Type: CONSTRAINT; Schema: public; Owner: shop
--

ALTER TABLE ONLY public.shop_product_translation
    ADD CONSTRAINT shop_product_translation_slug_key UNIQUE (slug);


--
-- Name: auth_group_name_a6ea08ec_like; Type: INDEX; Schema: public; Owner: shop
--

CREATE INDEX auth_group_name_a6ea08ec_like ON public.auth_group USING btree (name varchar_pattern_ops);


--
-- Name: auth_group_permissions_group_id_b120cbf9; Type: INDEX; Schema: public; Owner: shop
--

CREATE INDEX auth_group_permissions_group_id_b120cbf9 ON public.auth_group_permissions USING btree (group_id);


--
-- Name: auth_group_permissions_permission_id_84c5c92e; Type: INDEX; Schema: public; Owner: shop
--

CREATE INDEX auth_group_permissions_permission_id_84c5c92e ON public.auth_group_permissions USING btree (permission_id);


--
-- Name: auth_permission_content_type_id_2f476e4b; Type: INDEX; Schema: public; Owner: shop
--

CREATE INDEX auth_permission_content_type_id_2f476e4b ON public.auth_permission USING btree (content_type_id);


--
-- Name: auth_user_groups_group_id_97559544; Type: INDEX; Schema: public; Owner: shop
--

CREATE INDEX auth_user_groups_group_id_97559544 ON public.auth_user_groups USING btree (group_id);


--
-- Name: auth_user_groups_user_id_6a12ed8b; Type: INDEX; Schema: public; Owner: shop
--

CREATE INDEX auth_user_groups_user_id_6a12ed8b ON public.auth_user_groups USING btree (user_id);


--
-- Name: auth_user_user_permissions_permission_id_1fbb5f2c; Type: INDEX; Schema: public; Owner: shop
--

CREATE INDEX auth_user_user_permissions_permission_id_1fbb5f2c ON public.auth_user_user_permissions USING btree (permission_id);


--
-- Name: auth_user_user_permissions_user_id_a95ead1b; Type: INDEX; Schema: public; Owner: shop
--

CREATE INDEX auth_user_user_permissions_user_id_a95ead1b ON public.auth_user_user_permissions USING btree (user_id);


--
-- Name: auth_user_username_6821ab7c_like; Type: INDEX; Schema: public; Owner: shop
--

CREATE INDEX auth_user_username_6821ab7c_like ON public.auth_user USING btree (username varchar_pattern_ops);


--
-- Name: django_admin_log_content_type_id_c4bce8eb; Type: INDEX; Schema: public; Owner: shop
--

CREATE INDEX django_admin_log_content_type_id_c4bce8eb ON public.django_admin_log USING btree (content_type_id);


--
-- Name: django_admin_log_user_id_c564eba6; Type: INDEX; Schema: public; Owner: shop
--

CREATE INDEX django_admin_log_user_id_c564eba6 ON public.django_admin_log USING btree (user_id);


--
-- Name: django_session_expire_date_a5c62663; Type: INDEX; Schema: public; Owner: shop
--

CREATE INDEX django_session_expire_date_a5c62663 ON public.django_session USING btree (expire_date);


--
-- Name: django_session_session_key_c0390e0f_like; Type: INDEX; Schema: public; Owner: shop
--

CREATE INDEX django_session_session_key_c0390e0f_like ON public.django_session USING btree (session_key varchar_pattern_ops);


--
-- Name: orders_oderitems_order_id_7eb8aba2; Type: INDEX; Schema: public; Owner: shop
--

CREATE INDEX orders_oderitems_order_id_7eb8aba2 ON public.orders_orderitems USING btree (order_id);


--
-- Name: orders_oderitems_product_id_39d6aec3; Type: INDEX; Schema: public; Owner: shop
--

CREATE INDEX orders_oderitems_product_id_39d6aec3 ON public.orders_orderitems USING btree (product_id);


--
-- Name: shop_category_translation_language_code_1a720d6b; Type: INDEX; Schema: public; Owner: shop
--

CREATE INDEX shop_category_translation_language_code_1a720d6b ON public.shop_category_translation USING btree (language_code);


--
-- Name: shop_category_translation_language_code_1a720d6b_like; Type: INDEX; Schema: public; Owner: shop
--

CREATE INDEX shop_category_translation_language_code_1a720d6b_like ON public.shop_category_translation USING btree (language_code varchar_pattern_ops);


--
-- Name: shop_category_translation_master_id_dcd6e0df; Type: INDEX; Schema: public; Owner: shop
--

CREATE INDEX shop_category_translation_master_id_dcd6e0df ON public.shop_category_translation USING btree (master_id);


--
-- Name: shop_category_translation_slug_93bea54f_like; Type: INDEX; Schema: public; Owner: shop
--

CREATE INDEX shop_category_translation_slug_93bea54f_like ON public.shop_category_translation USING btree (slug varchar_pattern_ops);


--
-- Name: shop_product_category_id_14d7eea8; Type: INDEX; Schema: public; Owner: shop
--

CREATE INDEX shop_product_category_id_14d7eea8 ON public.shop_product USING btree (category_id);


--
-- Name: shop_product_translation_language_code_1438e7c7; Type: INDEX; Schema: public; Owner: shop
--

CREATE INDEX shop_product_translation_language_code_1438e7c7 ON public.shop_product_translation USING btree (language_code);


--
-- Name: shop_product_translation_language_code_1438e7c7_like; Type: INDEX; Schema: public; Owner: shop
--

CREATE INDEX shop_product_translation_language_code_1438e7c7_like ON public.shop_product_translation USING btree (language_code varchar_pattern_ops);


--
-- Name: shop_product_translation_master_id_46d8ce6f; Type: INDEX; Schema: public; Owner: shop
--

CREATE INDEX shop_product_translation_master_id_46d8ce6f ON public.shop_product_translation USING btree (master_id);


--
-- Name: shop_product_translation_slug_bcd9f328_like; Type: INDEX; Schema: public; Owner: shop
--

CREATE INDEX shop_product_translation_slug_bcd9f328_like ON public.shop_product_translation USING btree (slug varchar_pattern_ops);


--
-- Name: auth_group_permissions auth_group_permissio_permission_id_84c5c92e_fk_auth_perm; Type: FK CONSTRAINT; Schema: public; Owner: shop
--

ALTER TABLE ONLY public.auth_group_permissions
    ADD CONSTRAINT auth_group_permissio_permission_id_84c5c92e_fk_auth_perm FOREIGN KEY (permission_id) REFERENCES public.auth_permission(id) DEFERRABLE INITIALLY DEFERRED;


--
-- Name: auth_group_permissions auth_group_permissions_group_id_b120cbf9_fk_auth_group_id; Type: FK CONSTRAINT; Schema: public; Owner: shop
--

ALTER TABLE ONLY public.auth_group_permissions
    ADD CONSTRAINT auth_group_permissions_group_id_b120cbf9_fk_auth_group_id FOREIGN KEY (group_id) REFERENCES public.auth_group(id) DEFERRABLE INITIALLY DEFERRED;


--
-- Name: auth_permission auth_permission_content_type_id_2f476e4b_fk_django_co; Type: FK CONSTRAINT; Schema: public; Owner: shop
--

ALTER TABLE ONLY public.auth_permission
    ADD CONSTRAINT auth_permission_content_type_id_2f476e4b_fk_django_co FOREIGN KEY (content_type_id) REFERENCES public.django_content_type(id) DEFERRABLE INITIALLY DEFERRED;


--
-- Name: auth_user_groups auth_user_groups_group_id_97559544_fk_auth_group_id; Type: FK CONSTRAINT; Schema: public; Owner: shop
--

ALTER TABLE ONLY public.auth_user_groups
    ADD CONSTRAINT auth_user_groups_group_id_97559544_fk_auth_group_id FOREIGN KEY (group_id) REFERENCES public.auth_group(id) DEFERRABLE INITIALLY DEFERRED;


--
-- Name: auth_user_groups auth_user_groups_user_id_6a12ed8b_fk_auth_user_id; Type: FK CONSTRAINT; Schema: public; Owner: shop
--

ALTER TABLE ONLY public.auth_user_groups
    ADD CONSTRAINT auth_user_groups_user_id_6a12ed8b_fk_auth_user_id FOREIGN KEY (user_id) REFERENCES public.auth_user(id) DEFERRABLE INITIALLY DEFERRED;


--
-- Name: auth_user_user_permissions auth_user_user_permi_permission_id_1fbb5f2c_fk_auth_perm; Type: FK CONSTRAINT; Schema: public; Owner: shop
--

ALTER TABLE ONLY public.auth_user_user_permissions
    ADD CONSTRAINT auth_user_user_permi_permission_id_1fbb5f2c_fk_auth_perm FOREIGN KEY (permission_id) REFERENCES public.auth_permission(id) DEFERRABLE INITIALLY DEFERRED;


--
-- Name: auth_user_user_permissions auth_user_user_permissions_user_id_a95ead1b_fk_auth_user_id; Type: FK CONSTRAINT; Schema: public; Owner: shop
--

ALTER TABLE ONLY public.auth_user_user_permissions
    ADD CONSTRAINT auth_user_user_permissions_user_id_a95ead1b_fk_auth_user_id FOREIGN KEY (user_id) REFERENCES public.auth_user(id) DEFERRABLE INITIALLY DEFERRED;


--
-- Name: django_admin_log django_admin_log_content_type_id_c4bce8eb_fk_django_co; Type: FK CONSTRAINT; Schema: public; Owner: shop
--

ALTER TABLE ONLY public.django_admin_log
    ADD CONSTRAINT django_admin_log_content_type_id_c4bce8eb_fk_django_co FOREIGN KEY (content_type_id) REFERENCES public.django_content_type(id) DEFERRABLE INITIALLY DEFERRED;


--
-- Name: django_admin_log django_admin_log_user_id_c564eba6_fk_auth_user_id; Type: FK CONSTRAINT; Schema: public; Owner: shop
--

ALTER TABLE ONLY public.django_admin_log
    ADD CONSTRAINT django_admin_log_user_id_c564eba6_fk_auth_user_id FOREIGN KEY (user_id) REFERENCES public.auth_user(id) DEFERRABLE INITIALLY DEFERRED;


--
-- Name: orders_orderitems orders_oderitems_order_id_7eb8aba2_fk_orders_order_id; Type: FK CONSTRAINT; Schema: public; Owner: shop
--

ALTER TABLE ONLY public.orders_orderitems
    ADD CONSTRAINT orders_oderitems_order_id_7eb8aba2_fk_orders_order_id FOREIGN KEY (order_id) REFERENCES public.orders_order(id) DEFERRABLE INITIALLY DEFERRED;


--
-- Name: orders_orderitems orders_oderitems_product_id_39d6aec3_fk_shop_product_id; Type: FK CONSTRAINT; Schema: public; Owner: shop
--

ALTER TABLE ONLY public.orders_orderitems
    ADD CONSTRAINT orders_oderitems_product_id_39d6aec3_fk_shop_product_id FOREIGN KEY (product_id) REFERENCES public.shop_product(id) DEFERRABLE INITIALLY DEFERRED;


--
-- Name: shop_category_translation shop_category_transl_master_id_dcd6e0df_fk_shop_cate; Type: FK CONSTRAINT; Schema: public; Owner: shop
--

ALTER TABLE ONLY public.shop_category_translation
    ADD CONSTRAINT shop_category_transl_master_id_dcd6e0df_fk_shop_cate FOREIGN KEY (master_id) REFERENCES public.shop_category(id) DEFERRABLE INITIALLY DEFERRED;


--
-- Name: shop_product shop_product_category_id_14d7eea8_fk_shop_category_id; Type: FK CONSTRAINT; Schema: public; Owner: shop
--

ALTER TABLE ONLY public.shop_product
    ADD CONSTRAINT shop_product_category_id_14d7eea8_fk_shop_category_id FOREIGN KEY (category_id) REFERENCES public.shop_category(id) DEFERRABLE INITIALLY DEFERRED;


--
-- Name: shop_product_translation shop_product_translation_master_id_46d8ce6f_fk_shop_product_id; Type: FK CONSTRAINT; Schema: public; Owner: shop
--

ALTER TABLE ONLY public.shop_product_translation
    ADD CONSTRAINT shop_product_translation_master_id_46d8ce6f_fk_shop_product_id FOREIGN KEY (master_id) REFERENCES public.shop_product(id) DEFERRABLE INITIALLY DEFERRED;


--
-- PostgreSQL database dump complete
--

